identificador,grupo,exercicio,duracao_s,n_frames,cotovelo_esq_media,cotovelo_esq_desvio,cotovelo_esq_amplitude,cotovelo_esq_velocidade,cotovelo_dir_media,cotovelo_dir_desvio,cotovelo_dir_amplitude,cotovelo_dir_velocidade,ombro_esq_media,ombro_esq_desvio,ombro_esq_amplitude,ombro_esq_velocidade,ombro_dir_media,ombro_dir_desvio,ombro_dir_amplitude,ombro_dir_velocidade,joelho_esq_media,joelho_esq_desvio,joelho_esq_amplitude,joelho_esq_velocidade,joelho_dir_media,joelho_dir_desvio,joelho_dir_amplitude,joelho_dir_velocidade,tronco_media,tronco_desvio,tronco_amplitude,tronco_velocidade
G1A-CTK-R1-Brest-022,G1A,CTK,30.0,301,72.36017072960433,62.41448210945994,178.42596011017838,109.10916212632755,74.1067837032445,62.92915775782811,179.10974122984177,102.99621331762452,38.26829806836965,38.42215031270472,177.74364910758123,100.38233823516524,36.23550301902715,35.60765679543494,174.65681739394105,68.15716914733247,174.80200005899553,2.2876791969154824,16.518713472912026,14.996753128623732,176.07734670925018,1.846726490184309,14.446754367063193,14.063966186288926,1.6566561402707813,0.6747591112834905,3.731836660446726,4.1193844126840755
G1A-CTK-R1-Brest-038,G1A,CTK,32.8,329,127.22389354310783,54.77650401299252,178.8252208107286,65.67158249724788,128.55361895083027,51.22187099393242,178.7415791273422,102.85298456740185,59.312313498078055,55.00752636654271,177.06409572842688,49.81137759696951,63.78025556067739,59.19830878083921,178.35764845914056,82.18758383406896,177.28993456190318,2.3296773117688327,19.363674438673428,12.583836974674158,177.80653185386672,1.3940822028169013,9.39386012896432,8.841426305882422,1.1994494502433446,0.5882505723828991,3.129184073415138,2.8956341419863003
G1A-CTK-R1-Brest-042,G1A,CTK,31.8,319,111.91170474154178,71.60274538213318,179.39708681363732,51.02080723673037,110.32831952301603,70.76659518063754,176.03548247024762,39.89340164481919,20.629311786168856,19.761596617298835,163.95280389524822,29.74840313822737,20.883190438694513,17.214611424985716,105.8091168700772,24.547216655819007,173.678463545835,1.5866709172181002,13.196072272626452,13.509972619310213,173.6516109121399,2.683288769035915,16.78327481134079,16.10871923663313,2.8548971916653834,0.8292957167559567,5.1929084275049915,4.424583704092799
G1A-CTK-R1-Brest-054,G1A,CTK,30.5,306,73.44558991915365,63.646982244175945,180.0,95.82762571454488,70.12832277458067,62.81226230426738,179.4915580274023,72.74095643130907,45.792621013586555,48.92624163710152,179.11445027239967,91.77806775741121,41.55702191496772,46.738599468798,179.23838585570653,133.11353771090177,172.7466165335616,2.1597486984073306,14.125319131229901,17.325657316007767,172.05017807617187,3.867650640878217,17.710596436476607,16.807937732762102,2.1278453310994605,0.7707918807390118,10.508022140232484,4.75889515536735
G1A-CTK-R1-Brest-056,G1A,CTK,29.8,299,83.58790017937281,70.53107498902489,179.46260281216328,74.42869262463944,77.77789985124937,72.29830081593789,177.02619518644462,57.76775362130702,18.183493725720645,12.311489653598317,34.76402343794406,12.552386661671562,18.027562754341176,11.413429324250552,36.92051052131857,12.712739421589035,174.22117025182493,1.385388316835195,8.550886657220786,8.129851624835474,174.50938144588275,2.02462773531501,9.267593390840915,11.316010138211505,3.139188271541497,0.9196394980270062,4.752791434257796,3.680057679251913
G1A-CTK-R1-Brest-057,G1A,CTK,30.9,310,94.64609981110583,56.7884420182996,178.95855334830406,94.41362411035476,90.98271419251653,57.09364880499513,178.11167001619907,93.77633679785237,48.865592974124894,43.315889520996876,179.01149874178648,71.49600260600343,49.60919508431136,43.92079133251576,178.7968302006604,102.3058049044869,177.7073856164875,2.570229839727765,26.36272615714367,14.826314379656163,178.52911715690988,1.717860100301401,9.787407359935315,10.968564082959588,0.6817024079179915,0.5859243615232822,2.8959250026163907,3.245218402721121
G1A-CTK-R1-Brest-061,G1A,CTK,30.2,303,74.08205865777211,65.08810371006966,180.0,42.72884131035134,75.7940251877514,65.15982586136414,177.944209703629,37.75649381980434,22.67567294946453,20.07676985256161,60.07965683109107,22.27872752623272,23.28769327866767,19.401965162585824,57.259675053102406,20.12511937162392,175.17766726222888,2.186774776083326,19.2596347163217,15.12557931601993,175.24321198076532,2.174679393350892,15.65440106657914,15.44766128926894,1.3543922913299737,0.6445085369056758,3.575123150164399,3.5932029048614664
G1A-CTK-R1-Brest-062,G1A,CTK,35.6,357,130.3341261110747,52.66084484981143,179.22460637970522,56.976945574551706,127.81605392575902,53.6607450942689,179.31661614073022,72.9928183625236,46.245826440846756,46.69089573979486,176.64051419788822,43.63336383712132,47.66756045900108,48.53077596785133,176.53404840519138,54.68171714493732,177.0912163927559,2.6734324783687664,24.7759078759739,16.557066373236733,178.1824515476714,2.3672408938813825,14.464116119433129,14.695199602910304,0.48839160848571217,0.38192459573180426,2.0428729127765806,2.765979907021072
G1A-CTK-R1-Brest-071,G1A,CTK,32.1,322,64.07995669375855,59.892966141701265,180.0,60.070613615052515,72.3135399674782,60.02098722386144,178.54960353900177,72.33987568857839,29.735313829197274,28.75847984362829,177.94781730372532,38.450105062041125,33.501511672444636,34.07626677980383,167.99003696145954,57.50796605213401,174.25069559984482,2.762425932168391,21.75679779589308,15.683295773285309,175.3356415691816,2.5012669995630485,19.00615428280642,15.286619639380937,1.3301812265741908,0.7478272260860598,3.4659515948086033,3.593733239070076
G1A-CTK-R1-Brest-073,G1A,CTK,29.1,292,97.24429373411496,59.27784964220281,178.72771786294888,93.91118404330471,96.65212436196975,57.57419528064091,178.75699419308003,80.81019746664111,49.67273611757364,42.712334246717845,171.59634791280052,65.09578528896486,52.2142263021828,47.6347672629415,177.09567410301082,64.56034675467785,176.81676511571425,2.796217680509134,18.751362152241,15.006862763476667,177.4742274111626,1.8664994042646288,10.868041254766212,12.1230558766284,1.3950754406694357,0.5590907940388347,3.129184073415138,3.315832768122525
G1A-CTK-R1-Brest-095,G1A,CTK,30.0,301,114.08720004542384,53.219660190500974,179.99999879258172,79.71768199163417,112.21013433669319,54.67828828610998,177.944722598271,62.36418797416555,57.22425978966324,47.31870510616947,173.8778010224213,70.0869611644456,55.721787654634525,47.707571835302,175.75808996990042,83.63142941005223,177.6984296458138,2.9349707804990146,31.184224532671948,17.785551549157745,178.59859016673806,2.966544359767384,45.64959558962886,12.318436476670474,0.5278298831965953,0.44924599635205414,2.8050059731737513,2.902164677438277
G1A-CTK-R1-Brest-099,G1A,CTK,29.0,291,67.94462663935586,61.85798158891166,178.2207033952906,55.785731019139845,74.30767383691028,58.446378643150084,176.1657256407642,64.5392564376849,22.669779882871236,15.509283478506154,43.9976870355575,16.564265382065102,24.51206246996908,17.670410604375853,50.25995230872247,16.287534118096396,175.5270481220504,2.5392037034676744,9.650155176253492,14.108494782384707,175.29273164259396,3.051932444495717,11.159052858518095,13.331722992515324,2.403969796201217,0.7454954931507627,4.024467484186784,4.00017369759785
G1A-CTK-R1-Brest-104,G1A,CTK,30.4,305,85.86149252665768,54.9738401411867,179.84406045547485,74.31534574513604,86.52132717295767,58.37961121027394,180.0,74.8650607875174,48.94250190572002,43.174759251214205,179.62138441778092,48.61624366600638,51.269688728738515,48.48146194455811,175.88129449482125,37.976899092034884,178.44184755624937,2.8127258850138728,22.64705067103614,13.741224385988275,178.06540878693465,2.144476787972592,20.48485634653457,11.042517230021875,1.2534680446327238,0.6681990731969674,3.2664390376336145,3.5218524506043924
G1A-CTK-R1-Brest-108,G1A,CTK,29.8,299,114.62080899030519,56.736329422831034,179.90453747057478,88.47674373772895,115.06835848366161,57.16320898703871,179.84406166289781,82.58586992490983,55.094437851535325,51.36303031586723,179.36040254729693,92.34154202076896,57.396107793059194,54.29792228654506,178.31423277012158,75.84237006280625,177.604445093442,2.432651663675267,19.847474586869737,14.13378786518246,178.27291545660938,1.6428968729539908,15.452738173553257,11.675460448074972,1.2036185480890635,0.7545295593906917,3.1963402854373517,3.4020093931728907
G1A-CTK-R2-Brest-008,G1A,CTK,32.4,325,100.35616046109065,38.74371438120411,176.80979235301734,51.77412743177632,98.7169010809892,37.42284959194278,178.2786441002853,66.44140673119199,29.642593960026467,32.18104509236914,85.72288578428005,19.60978102664255,29.75648870522276,30.429817088305416,84.93340225618188,19.47456491017316,170.3658626953576,1.7052214615207437,9.385436129871408,7.378479837054267,170.60023120347088,1.4257225948544692,9.470972354122352,6.41926799048227,1.8706549685236895,0.575820261047049,3.226085512727647,3.762940237582721
G1A-CTK-R2-Brest-014,G1A,CTK,29.7,298,112.66171030330811,53.33882595133049,174.40646320572702,82.56809089184017,86.54011839092809,54.65561894633187,175.71694761350096,79.36406983114605,24.96299035240622,18.697536822009244,56.81294101079727,18.01615792407784,28.452705539624663,27.805909962286595,77.50463222800258,19.27065141604824,171.9357045477616,1.3566354046914806,9.157628565254441,6.080269568246466,172.62905206158345,1.117525203509368,5.606846018799615,4.881609630626304,2.136309002381523,0.3936334722607291,2.1664505016500524,2.434025748349314
G1A-CTK-R2-Brest-020,G1A,CTK,30.2,303,96.25444651047641,46.757797812324284,179.0779774652919,58.36341871614117,95.08130604062629,42.58819601741103,174.91224218989484,47.56793655835554,35.78947510466197,31.56447402481606,86.18522768407125,23.468160914003498,37.50408069298672,30.406871772417936,89.43209490194246,21.197897254841024,176.8046137097381,1.6755586193893985,7.45929365010943,7.124505831883038,176.3451670339457,1.5032000219561192,8.653548711425174,6.578368922448725,1.2517157520051776,0.5910904852602539,2.6276267276294294,2.69232881034564
G1A-CTK-R2-Brest-024,G1A,CTK,34.3,344,82.2395831277248,48.736869883447696,164.6438821730154,56.49571770045877,82.85561886289906,45.705153899943454,165.8050384656075,76.57225455481834,40.609180658343476,30.90955241437891,82.51587962607033,26.425683587353742,41.324164609823264,31.98832368027852,81.69567654519525,20.780674585421032,174.78570546999586,1.1151943646525218,7.475351798500299,5.190270230469592,174.05549695387032,1.2638757379101744,7.43207728732628,6.991382240046685,1.929539996934464,0.5303287766334067,2.917634986546773,2.7954652025102495
G1A-CTK-R2-Brest-030,G1A,CTK,30.2,303,110.07763305716185,52.25048431346067,178.96571231241379,71.17452913629579,95.76729127250266,56.03113661972575,172.9784210255898,48.34003525648726,24.084056841875622,20.28851913423159,58.54393212119459,19.353991011369704,29.295927561962905,26.818900155725267,75.06260445281195,19.929259840913854,170.66505420664853,1.2717988032086651,5.966485889447,5.088335157482834,172.07826602094053,1.2278414425797353,6.897934203327594,4.564527882656099,1.8593790081025747,0.45489592942287527,2.852844454212285,2.274755386772928
G1A-CTK-R2-Brest-032,G1A,CTK,31.4,315,87.96069621284113,44.42743456401631,179.32747808604972,52.44312096473234,89.88914507271683,39.72423879813874,168.25829163730444,43.17438439830343,29.34424779725079,25.940773691578606,77.71322854770236,20.65796864291721,34.076367253594185,26.965788527018297,78.08980218356035,16.520930879120424,177.19161329908803,2.1706143765184844,11.056217236943809,6.079176380203787,176.48826406463047,2.4291494833113507,32.34463039328236,8.302096908178932,1.1043577546846823,0.5244675737853608,2.6549588769771484,2.5394186037462063
G1A-CTK-R2-Brest-036,G1A,CTK,33.4,335,102.3534965864278,42.82586834040411,177.79257646606717,61.39066626373973,105.03450637820028,40.64732976562445,177.8374521246625,89.5695946277614,30.66353616273366,33.32619122602013,84.92214054450645,20.36835489715909,31.446450421071983,33.190931457418486,90.77285806609132,22.250066140766165,169.6611562909372,2.2150263784309145,25.155388551532837,7.402395222964778,170.54482896966982,1.318066885064477,6.659920033524486,6.489977047218858,1.956338279275881,0.5427525912014267,2.877201107059033,3.2531600307247666
G1A-CTK-R2-Brest-048,G1A,CTK,30.8,309,109.42583957785735,52.45979114216153,174.89013656375772,118.37943200665732,85.8881306659046,54.84492966811867,175.36642697483384,83.11797174107926,23.930927948214883,18.56360607791227,55.029647885870396,19.81435152896021,26.860554309654205,24.484193274641573,68.3930192124542,19.751349536686284,171.06939261198218,1.3408716775056917,7.579705391510089,5.64819617078725,172.5747777863934,0.8576450046247438,4.5927503248058485,4.521975240301152,2.058448590121187,0.4636835885050674,2.753177212156442,2.445724043854817
G1A-CTK-R2-Brest-055,G1A,CTK,31.3,314,86.83541059766554,56.08080046669528,178.89929883233324,34.63270128308313,86.93812182032363,44.66668716814778,163.15986436108307,31.468452054898872,25.536555772863544,20.86347473110917,59.24306633501263,23.88027137949312,33.25727592713373,26.63493000824472,78.82346904109808,20.48221557788729,176.84481744378996,2.4069636903975598,23.77032531840723,9.010217059825832,176.7760666083587,1.9674795504198241,10.124523532444158,8.195434022334183,0.9491344212624389,0.5270819722566945,2.284260600413507,2.282168543997887
G1A-CTK-R2-Brest-065,G1A,CTK,28.6,287,75.79718456723619,52.67503142499293,167.69194551537296,60.746047652919906,76.18554934287519,50.567467204426876,165.9446896772093,60.893348452550306,33.996675606002114,28.522374279832505,79.63181344857885,17.574146190417924,32.720277150830874,26.664340374650955,73.11238239753852,19.435890887108442,176.79530335991876,1.8450744235889867,19.383221385430517,7.767476087389427,173.0023651569982,1.8376758025986133,20.47701761517871,9.257861886100356,1.6782302411683003,0.563740276203984,3.9810798809136156,3.109513736304921
G1A-CTK-R2-Brest-070,G1A,CTK,34.0,341,77.92505633717568,52.97363596024444,166.07980508065782,52.20493477983915,80.36697716486624,47.13212845706551,161.60778828400646,70.50836790853423,39.184684916827216,34.254664890077265,87.22284227234243,20.79808882811782,39.33423791176211,33.842970102293094,85.86420468163304,22.430693653333428,175.02512145074687,1.2084116506098084,7.24847043441477,4.160034065682248,175.97157413619288,1.3932059159399202,11.802490716704739,4.815234652119676,2.0065563860734956,0.5049917221670951,4.594308479007094,2.753114101849601
G1A-CTK-R2-Brest-078,G1A,CTK,31.5,316,60.47534156656029,43.48046360211535,164.12993602189877,53.999699505981255,66.42388667109415,37.860822794577224,164.19648820789902,80.17544888589187,36.14607451347215,31.47682890569123,86.01560730085892,23.046087777595442,36.15451919790244,32.445780221657884,84.14876733256538,21.514245956542098,174.77305570303335,1.5881081066330927,9.140920738732973,5.486002891260671,175.38153966818498,1.3996281817167462,11.099553948449369,5.823372004575829,1.9714327093480202,0.5197707259973111,4.0569074631220134,2.8655901350405024
G1A-CTK-R2-Brest-086,G1A,CTK,31.6,317,94.91214140007777,43.25425443286029,177.80546489084836,83.4045677106849,89.15752689253169,40.32427674529789,156.52666011971672,46.03348639824723,35.78716601223085,30.860594118451193,88.72251999517569,22.15870558296138,36.24821567768407,29.70620999830462,83.02620243002075,19.668084814750507,175.1213728124416,1.1666576637451285,7.518977873142774,6.303055563594659,176.13949468361758,1.3911236735740635,6.843965432871187,6.358180849941552,1.14302809539693,0.5323555581045928,2.682865192299495,2.5271812317425746
G1A-CTK-R2-Brest-107,G1A,CTK,31.9,320,80.28933210003156,49.846895806176555,166.1710294673469,56.29093041735472,78.63703186589781,42.49254935711733,162.9400436456868,68.40608201560052,43.473627158232425,34.346885704041824,87.80755751372543,20.774293195239203,42.39642343816249,33.18530368091236,87.47970401405647,21.252113738130074,173.42728332803006,1.4288473887869277,7.037790918034318,6.493444728617346,173.03848363257566,1.540409715784455,16.024171568397833,7.575862011802185,2.2438139762031115,0.5893595561647846,4.385527862308918,2.697394638520475
G1A-CTK-R3-Brest-002,G1A,CTK,29.4,295,76.67834565920991,51.85560610399199,176.76111100304036,146.44054229410202,67.85935373552368,44.9444923661241,179.23707620600848,56.62514898508999,39.3727211678401,32.60002661839567,177.83743040665053,31.942395778409605,42.25941574556836,26.772970299384784,154.3895016773955,32.833174779580865,166.15960407164278,2.033756446490783,14.768011970317644,8.285108952098215,170.54957854261693,2.438721795128031,16.65529985054033,9.1169015414125,2.3742735266156134,0.7289514841708108,3.9233312433545526,3.6112722054094295
G1A-CTK-R3-Brest-011,G1A,CTK,35.4,355,58.15926218349314,52.87962348961488,170.81837527679585,51.00733195787861,57.053412056826076,53.89174582716468,179.84031043306092,70.01650113509328,39.417343858852696,26.433398705229084,90.65192740208174,31.82916045977136,46.55383439430199,28.552267728285997,89.3565540745778,23.371626274614897,170.58571296758802,1.576068661543581,6.414093486532522,5.155881790279712,173.6004798346066,1.4559472163911424,7.057307637712682,4.795014150876366,0.7353070824645713,0.5110644417042637,2.338687753990616,2.315632093949607
G1A-CTK-R3-Brest-033,G1A,CTK,31.8,319,68.67553313558616,48.70044639951685,179.12935668258373,120.37672319165216,84.86150008327151,43.12384371163192,179.42862570429227,81.31495732435637,40.49096413994463,36.80479708477982,180.0,65.50729060701651,52.01036586937674,35.691662597744674,171.81000017278328,55.26529712913285,173.78458525418517,1.4013321148130253,6.013635185796403,6.680744574975655,176.4048087687873,1.220086617482017,10.589631733163003,7.877273587080039,1.281546632699952,0.7993156883979659,3.009732136661193,3.2825998474510385
G1A-CTK-R3-Brest-039,G1A,CTK,35.8,359,57.544070139665415,43.588873582184156,165.94043675996753,40.476428374672366,58.11215381414001,43.666276845367115,162.7627807961195,53.78199718676399,48.4956217453368,31.596151827165997,85.00271346309037,27.737462079535966,54.906041847106756,31.531448352973456,100.76789575006525,23.766047774003237,170.56534214678447,1.6455727564438045,7.667074799190999,6.617764967659986,169.9513350829269,1.6438041693805285,7.953252254145525,6.764408678119908,0.8438658955346602,0.523440936221603,2.450990685586677,2.296336480993411
G1A-CTK-R3-Brest-064,G1A,CTK,28.3,284,83.89179649756531,50.50523854197084,171.19398087262306,128.88937786745709,79.86857986413764,44.741987328568754,164.51045570322444,76.34319934747607,46.15529172581762,41.442389069387346,176.4503048559214,140.47675479259422,43.87473419413011,30.887758701855603,163.53458783125845,63.03760843824769,165.6147843368937,1.9147251935724134,11.574713760365057,7.349221413070987,171.58766924045995,2.6582567493854072,15.526977368998729,8.038923202143623,2.235994380067773,0.8439937441487314,4.147440198794773,2.972396703796296
G1A-CTK-R3-Brest-066,G1A,CTK,34.2,343,52.49159654577509,41.76880309929056,179.79284016258907,62.58226296865339,47.9002716921716,41.16117292320419,176.22036867978,78.95519312658234,46.20681288244796,30.341426589522484,144.14422961918604,38.19491418207732,53.03977184549639,29.14132562934984,176.27999075753306,36.04923146950343,170.64929446178164,1.4954697340109224,8.763730020242662,3.595565819960436,173.22142809365894,1.438214246633383,7.1491638554421115,6.657969084913558,0.5941612134879496,0.5041309709984038,3.060852222606909,2.188169063133782
G1A-CTK-R3-Brest-067,G1A,CTK,36.1,362,58.53610330298871,54.96764499854142,178.15801799091713,45.370693199795966,59.20960011802325,51.33528788450354,166.9462262033343,45.23520389490152,37.70244691525882,26.179538651324663,90.83346614500071,28.47430301628572,42.87963609332569,27.893628478716913,82.38941387869531,19.81514601527802,170.74134993085102,1.3219626896293668,6.729282690711898,3.863207495227094,173.83086503394816,1.6355018376305728,8.36401932761214,5.210366699252358,0.7391589857320163,0.6280939638054519,3.116904904574507,2.561444356381935
G1A-CTK-R3-Brest-072,G1A,CTK,34.5,346,50.32431626122186,49.59794274634788,172.45292207422742,39.52853928292746,52.40426345626335,48.246811326169485,172.61108894970198,40.85088349756134,36.527103481940955,24.884258572901153,71.21077254296908,22.776394185978155,40.527138252808165,26.20597092684924,78.76841453045002,16.831593558688112,170.55873087263686,1.2669086993119163,5.568501694556943,3.3972752463849116,172.87519009482276,1.553229148256507,6.714716509000482,4.952601334742005,0.5808992929553445,0.49694295327904725,1.9672715469725925,2.3153274390822536
G1A-CTK-R3-Brest-083,G1A,CTK,31.5,316,70.06229637252864,47.80351848302665,177.88431757034152,102.66292536713561,71.65587110766754,40.55778661896928,179.22816175759593,36.934041373020555,47.7104417106697,29.230771460260115,167.07641827930516,63.214400417547566,52.634699496328004,30.54085292980126,178.41541251287993,55.603377368489085,166.2719038578202,2.2934974058677424,13.346582072460961,8.733532089215654,171.12762760167087,2.524293893075044,14.536644951585714,7.090167134092691,1.970809210986076,0.8056807224668839,3.7565348003099195,2.918435936886616
G1A-CTK-R3-Brest-084,G1A,CTK,30.9,310,71.7759146185888,46.893276402189585,176.76088341387927,141.81884393449022,87.7076132625681,43.415967603379066,178.78908993636816,130.8219815970647,52.685258905437756,43.50531480542365,179.48517329246164,81.98230501068014,52.05551438619072,41.23911612536019,161.53052111714777,88.66622045239922,173.5459947899984,1.5423993306659647,8.832007805571749,8.664317402956229,176.79599104047185,1.7892163153990674,12.772487071939281,8.22704661623405,0.8694867018481343,0.6135236573769703,3.5922663417632243,4.327546096452483
G1A-CTK-R3-Brest-092,G1A,CTK,32.7,328,48.70542963329062,44.50357272808984,173.72743602801123,47.228543166085885,49.90110794528091,49.45312505733813,179.5845837868155,101.83812821330945,38.6211367988301,29.004866319239074,79.8462670919873,26.732621145392862,44.660169890477995,28.438106683593748,76.92792187126643,20.71318529510468,170.7226540770101,1.3241820950176135,5.394063957854144,4.236336459545722,170.56723707048957,1.9875731216560737,8.734360365494496,4.746491343030691,0.6024127371408177,0.4365910536105757,1.5887430384877061,1.8337548511823276
G1A-CTK-R3-Brest-094,G1A,CTK,32.8,329,63.76206644074118,40.224918502846265,179.1527830097618,88.18866752874496,73.72133316830984,32.08599074803067,168.602547012614,67.67346079372868,46.72312218078137,31.28079890731527,176.73356096236662,64.70985216205611,58.538028409949156,30.71703557363136,163.56728029587373,45.677666204844414,173.3900582061477,1.4900892084928663,9.417188770876777,7.973954035707093,176.14267694766716,1.8100247447157178,12.529336033854065,8.329767600487694,1.1105268061626086,0.6838260042472253,3.480121474250454,3.905662138737245
G1A-CTK-R3-Brest-102,G1A,CTK,30.0,301,82.62726269170193,53.193866087131255,177.53399180408428,138.38221425556137,80.54926383757169,45.17406416431346,168.2241349563214,71.4404681706074,42.665105678036426,38.427293775930224,179.15448387421728,74.80556451686482,45.88432261427113,33.37878942043179,156.83673430115633,61.779360988923166,165.31661995420953,1.5648358611471573,9.610329862632966,9.541028505919222,171.1972559525316,2.7163540790188643,16.88644097108883,11.45110939998367,2.3515944067522017,0.8941698980707565,4.314852089211745,3.741838974102185
G1A-CTK-R3-Brest-106,G1A,CTK,33.3,334,52.10187745018699,43.04530045078683,172.43191321326992,55.124850515574636,53.54070014373296,42.973297500475475,170.94303217862944,57.30728966868085,41.26432618752845,29.110445876122782,90.80201878115294,34.353834218747316,48.43660056366331,30.035731138122312,86.69153075943522,23.318821692597126,172.68336616186792,1.7270301985584842,7.510698416008211,5.236647320990121,173.15890788443986,1.4028423694105536,7.957950581282091,5.597358350248053,0.5360566520208464,0.5107836661993692,2.3603178914282896,2.0122241691791656
G1A-CTK-R4-Roscoff-007,G1A,CTK,45.3,454,,,,,168.8085098384035,0.9817836655520618,6.336323888816764,5.243294248801266,,,,,12.470290926675696,0.5491508646932824,3.4534093657618943,2.606989374548574,174.3435305948198,1.201531297197413,6.695991195901684,10.26680232340485,177.0881259301744,1.043184440542793,5.330326535759241,7.036387492953056,0.8284505024167342,0.4152441595701545,1.9462635272877564,2.3772611880203685
G1A-CTK-R4-Roscoff-010,G1A,CTK,43.0,431,,,,,167.93418586888382,0.9656751807583093,5.586376483831401,4.793273236576035,,,,,12.736290560209978,0.4767076775500482,2.923679816810889,2.4145654934741794,175.1336384668477,1.2934289276074797,4.382756399573367,14.362054714570807,177.39098463497453,0.9553011553551949,5.307864905048746,5.72140099825865,1.2838912830174518,0.7322831660281559,5.527540151656193,3.671999652649715
G1A-CTK-R4-Roscoff-019,G1A,CTK,39.1,392,98.5691696827796,56.16180778566308,179.3033463671772,54.27604045633247,90.79502377006531,58.54152226201634,179.51983460283634,66.33032191738275,61.80448661583573,41.07878429732638,168.4707121564303,28.897754245386217,50.612749054869205,36.91907786942521,168.98901006892663,43.032587451230285,154.9468073645819,3.0024156518544154,18.31201784760478,13.684940398534476,162.82656346710476,4.9363836387697,35.43350123867239,15.707428190305755,1.8150867877474557,0.7568865512517905,3.1750467019831334,2.9675894252030766
G1A-CTK-R4-Roscoff-041,G1A,CTK,35.8,359,64.79466923397,45.19682792748741,163.9345611871675,32.25538480554054,62.262317778951,48.589905420654844,173.01971351484625,66.51113020245405,44.05301585553814,34.39344483579502,86.05844883804639,18.77694881413722,36.86049854275381,26.481878796119844,73.40211284721777,27.362441778635613,142.95614068733158,1.1274005825384765,10.804171860649603,6.521491386234748,136.7391887788295,1.0203815272666035,11.350666877503528,4.823999636949232,2.0702348613272417,0.5148400672007042,2.9598174263967656,1.9340112574485393
G1A-CTK-R4-Roscoff-044,G1A,CTK,37.4,375,72.62509837322294,50.051969108983414,175.9531872162195,48.54566122386978,67.89395133098463,56.79931111226344,179.5041079251596,81.60894096441186,43.66667388548441,29.821703651923492,173.35252387295407,29.42325829901433,34.00614376892217,21.69911094468289,61.89090928937003,15.79013036471196,161.44136263675884,2.598557747179894,26.8491304363597,12.674791370134857,160.94229744969576,2.7220386740020204,25.694467099748238,9.8336476724654,2.1546282080381625,0.8108300565839365,3.3775413521115896,2.800452576854855
G1A-CTK-R4-Roscoff-047,G1A,CTK,36.4,365,66.17979478693223,46.04703849718623,163.8038673832014,36.50347392438013,67.92940871881807,51.19400270702841,179.13017735254587,77.80108068924768,45.90156302435475,34.15135871199223,86.95349970090928,22.125897405997023,39.74788700404848,26.78269572976642,78.2408208104943,24.706082437484472,141.1612974617026,2.1967992036567474,22.051655322910023,8.807569711177493,135.23290553999837,1.786811718097394,24.861097865150853,9.316906766873505,2.210520519675192,0.520911565553563,2.9176624897722854,1.9805777035927483
G1A-CTK-R4-Roscoff-052,G1A,CTK,41.9,420,,,,,168.92227821726112,1.2827027716479067,6.774265987813692,6.482011681425619,,,,,12.307125189917636,0.6709790302516596,3.895596952986386,3.2006015545295927,173.94608267772247,1.1630823445107035,7.3194206901462735,8.545994618913756,177.4010677519962,1.0936572067795478,5.21827406650911,6.38147270375507,1.1155354690197674,0.35933123827237,1.9213362202884712,2.5980787004835344
G1A-CTK-R4-Roscoff-053,G1A,CTK,39.3,394,49.04946657159317,49.89228359511278,179.95101581349374,54.29213581122217,53.20623808085445,48.887974901793335,179.4325455633489,68.63626798902044,31.601668126915996,29.31419442381433,176.28277323143212,52.29947156196344,29.314385404783053,24.580540331242332,172.98019411807954,35.37636407515118,152.35068767249123,1.2924057263307924,11.303469932856245,8.390124539928163,152.3344102874053,1.4137931448462078,12.774423407116899,10.079032147341556,2.712634667742329,0.8394475796545284,5.424743238125118,3.0289885684108957
G1A-CTK-R4-Roscoff-076,G1A,CTK,37.4,375,81.11302188113282,54.32807086142383,178.43036372012597,52.35479497299218,76.52719882688615,60.02862267686775,178.7727221694809,99.57079016023214,42.7358466833369,38.047695791068705,174.54160495278376,40.75382365290784,30.736454262200276,27.731369776063534,174.44205596338145,37.383397630113016,140.14155442862688,1.5993642643722166,7.4502895408286065,7.294124670442455,135.84927306458255,1.401580651369325,8.25171697200031,6.086227944651545,2.124934221202067,0.633653568835923,3.4706595764275106,2.582625541439241
G1A-CTK-R4-Roscoff-080,G1A,CTK,38.5,386,55.12626000237473,51.78881204814823,179.82152977447797,42.297849691057564,55.661816223138565,50.70147552859103,179.5672355257073,40.94575989506413,35.56589658476787,25.84765094012207,175.58698465770044,34.095028200461215,32.32406946247534,22.76347567395435,72.71784696568908,20.796514207444954,152.0534159880784,1.536041217434803,16.70021202897223,7.849989736048926,151.74560638477703,1.4146753869358377,9.201146487319647,8.597796974810953,2.415166331266141,0.7179763292906012,4.024353788457443,3.0236707499290576
G1A-CTK-R4-Roscoff-081,G1A,CTK,38.3,384,,,,,168.43737902056375,1.0485933150155027,5.2014714745504875,4.605452277809198,,,,,12.429111611122206,0.5082866310361339,2.6172439030008583,2.338813568645862,174.34263358998612,1.1005234976337221,5.131086789292311,8.362812493730587,177.38889432971402,0.9875483975418075,4.467787044780636,5.216907867695443,1.0764896827257655,0.42932728473083254,2.790404507580515,2.5987359918966413
G1A-CTK-R4-Roscoff-087,G1A,CTK,36.2,363,87.99936763980413,52.13098205089527,175.8137289864438,50.960403638033476,82.83155360634761,55.14190608966218,177.66212479450942,84.17124529412534,48.40307622741041,40.04806420287008,161.1195560823809,36.19577067829459,39.34882829555494,27.10809609382387,163.11765273297303,33.40831547204381,142.56847516591546,1.3516758307323566,11.401569862944768,7.796739283201842,135.230771396992,1.334771997783167,14.967373497859967,6.907429264290612,1.97628346257982,0.6618589237287135,3.235396499697935,2.4687953595610796
G1A-CTK-R4-Roscoff-089,G1A,CTK,36.6,367,93.47351607619687,51.85075891769855,179.21176081353386,44.67374979604374,89.25583789264198,54.109587984184216,178.42035457822396,111.52698616930522,59.46704864137038,39.036157525030326,100.17784680481667,27.928945784459597,45.1537173533438,30.493675989796248,102.3290684717217,30.11127418721838,153.6949113029835,3.406508152216717,18.65714671833507,9.316810096753398,157.38719939232774,3.0502095292651945,31.116210730423035,8.88857516610974,2.45641926059692,0.6685592773496646,4.399752293061043,2.8307105057797175
G1A-CTK-R4-Roscoff-103,G1A,CTK,38.2,383,62.687501819094045,46.97834034570888,178.42489138937967,38.69157665678118,68.39871005784664,48.16680729531773,179.10671179649304,43.41081690702691,53.65135294616124,38.52034856734387,100.78068837453573,23.749239776544265,58.774526303636854,42.84492614409348,111.4762982723404,28.947638204110216,152.0950206954221,1.8078547983083268,15.730367760759549,6.588129523752268,150.32741667286118,1.8377227791875181,9.376640009440223,8.491901079930493,2.2256452325472287,0.7634707423536818,4.5304132508070465,3.220325595336884
G1A-CTK-R5-Roscoff-004,G1A,CTK,36.9,370,63.88769734420518,48.78724408978874,157.73234554473316,30.078577603445208,63.76772609897548,45.60183986252496,158.5783362836158,28.734852375011055,45.54215398148746,30.760268169176012,82.57677412623835,17.753455070546426,45.003797102221505,28.68383960175597,77.96678584047984,13.968614396281291,140.80441351800013,2.6677696226884775,14.098215515631296,10.718904054926316,139.72159379244752,1.922959603132228,10.775186933698421,8.223986176376636,0.4163487301432279,0.3378528622691349,1.666579704154541,1.9264079140447006
G1A-CTK-R5-Roscoff-005,G1A,CTK,36.2,363,75.57843038105712,54.35962482171742,152.49220100106643,40.86538488045966,74.45963797491594,53.4411616957809,153.4533060838075,37.578783926013074,57.88631533080058,44.604100060634046,114.06241301981909,25.282881469316298,53.143025261216295,44.036245889869804,120.76000055060105,20.783810666721223,146.34004200037813,2.481179191708014,14.645106874313143,10.10084509747277,147.58796333794442,1.6305031523617635,9.156398611738865,7.51411573012167,1.9570295902663124,0.722149672252207,3.7899779680130568,1.931416407723724
G1A-CTK-R5-Roscoff-016,G1A,CTK,37.0,371,81.37827914125151,45.68379403231814,153.5782418764087,34.67887994797769,77.87031414922592,46.955206623743436,154.7232294944056,58.376206794331445,54.585077799608236,39.48586420656813,104.4811670445168,20.96592195026115,56.536512904743844,34.3182419448107,99.27655026244825,33.04624425026464,155.7126978805045,2.1778547401039794,11.877680362596635,11.256384362356876,144.8251536369321,1.829661450393522,15.599818818177965,11.931311354441473,0.5184086898788319,0.41698611613219144,1.9315303177201226,2.291610282691498
G1A-CTK-R5-Roscoff-028,G1A,CTK,36.5,366,68.76654385316661,48.7122965951178,154.19562764345864,27.95493183466174,67.90596245983971,46.59188344230368,153.9971825673507,27.844846606472476,49.12148402249832,34.719977507685435,90.08290501827915,15.63503324271241,49.21162450599494,33.37004191266153,88.23196114328873,15.69418163319358,141.34199782130517,1.9160589729577686,9.48803638916715,9.556294558621808,140.47813154900297,1.9663638524262401,28.337886793837512,8.419570104023538,0.501441678858108,0.4393547546974287,2.082894301090288,1.7810588058609476
G1A-CTK-R5-Roscoff-037,G1A,CTK,39.9,400,81.81646987233667,51.1097214555661,155.12551654008178,37.303754683131096,79.9754241980859,52.238241697248554,152.82280606546516,31.90659580436929,47.6344315766635,37.68515527120343,97.40047697167876,18.563085935401553,49.86396988757029,37.6281646457976,100.3446944552563,22.410972297163873,150.82001559970595,1.3926899249253326,7.306912656617698,7.2494223712197,154.97131784804492,1.387753596798307,9.395460072535684,8.105253021547696,0.7877068780813979,0.5368413363102067,2.3090627890255857,1.5530867229800367
G1A-CTK-R5-Roscoff-045,G1A,CTK,35.5,356,74.39504988888767,52.024502206704355,153.8036948664433,33.75534594348912,73.87327844559594,49.72425722591638,152.79700993783217,29.78499331519126,47.476854000175585,34.86603155126794,88.17324961657152,16.639628122679397,46.74352113846581,33.684987789594466,90.03779923416684,18.740049683527094,136.91423984986687,2.258870770855556,15.639100620410488,13.367959165119792,131.90823841963748,1.6991526376374708,14.48562649151485,7.480284242362913,0.3689108412567365,0.33229164168385544,1.6998919335323384,1.7357952171632942
G1A-CTK-R5-Roscoff-049,G1A,CTK,37.4,375,83.4551671005299,45.66185679911288,151.25445810783353,38.42973869842964,78.89610486556889,45.46761389612109,150.8877036067424,41.03930381535946,57.09437172547246,41.296515852486024,104.2371229985693,25.0218371240635,58.79801801211759,37.63004734284476,105.40330133701936,28.162715420552097,153.89872781695664,1.848871324806209,12.015164337197831,11.046834881382665,145.58556251669566,2.2226066202252888,17.68701567186949,14.728237563201649,0.36649728885051813,0.40146354933482764,2.6788427386211686,1.761211916475479
G1A-CTK-R5-Roscoff-050,G1A,CTK,36.5,366,75.26737129925385,49.52149617825151,158.40355584763634,33.48921500696866,73.70367565087201,48.42474261163774,153.6398164395035,37.59269554396974,50.56449241242678,36.58515490704301,100.58532039571516,18.128150693150356,52.67125150134858,35.383500572919345,100.82242455705766,25.927789615140185,151.18500024961406,1.476933112526597,9.145743939833778,8.478625381573728,154.69727599196025,1.2683186823178507,8.306324516921677,7.618824678588403,0.5883527376613006,0.39751619346311473,2.004359882123511,1.6537869239207703
G1A-CTK-R5-Roscoff-058,G1A,CTK,35.7,358,79.31805563192889,52.07458672096178,157.74595397547716,35.53340191644772,77.1641785415731,50.989053437165374,152.82280606546516,40.48839704814842,48.92313475167084,36.32518511032886,95.4978016904318,21.61731805870707,49.53018741402954,34.175490016939406,95.71169732526086,27.626526529520415,150.6498480010757,1.6887642087894894,17.44502616497752,6.642430920573819,153.99273876404132,2.3401442208917196,30.414384449490854,10.100520019514276,0.6796129444766484,0.5489551263347132,3.9299154992517304,2.1903435004003624
G1A-CTK-R5-Roscoff-063,G1A,CTK,38.6,387,72.25484991228359,44.46036435052293,153.3939302958921,37.88777714464803,69.16454846890659,47.49286673805059,155.17948694200177,51.40853993690044,51.85211544508507,41.57097150499951,106.1048489228392,19.373871172361707,51.189525111261304,35.2640938118554,102.336407382093,28.726248101482454,154.1967506791399,2.160383408476488,12.031652048130809,9.597336101660645,144.69398774303124,1.9641859140052749,13.011853442710816,11.918536194133729,0.6474819131476927,0.5025761983844853,2.2362202492945,2.4012271746545077
G1A-CTK-R5-Roscoff-075,G1A,CTK,36.0,361,59.82935885988365,46.81426926793783,156.3942770452634,26.619726846998816,55.92764332462668,42.51210279882886,153.31379870808092,28.109188315005834,48.18501176385091,33.404729120045076,86.85027824640301,16.428813927222656,44.45832794266398,28.80756390362338,82.43204850561204,15.336391966584346,141.79602319138957,2.2283669082908726,9.878323250080882,8.852920476308292,141.13909869504988,2.0802902038441493,10.46268490695536,7.215217935312335,0.35392857078706136,0.2911122086289396,1.666579704154541,1.569209506929692
G1A-CTK-R5-Roscoff-085,G1A,CTK,37.2,373,91.1947938530972,59.858725528311886,162.05824875490805,40.3366740304495,86.60530608530071,55.97711319951,157.4405114989704,35.439723702711404,52.72628719517088,46.786415668986535,115.8088217239602,21.111185984562223,47.06477862366695,43.652349649645224,116.49650042435631,20.507351935634894,154.38677913441865,2.112576954998325,11.144123968684966,7.956359772214427,153.20779076821924,2.0121408793688143,10.509269612554533,8.755115828600422,2.1044729891908576,0.8047503524821138,3.8240210588142824,2.43440514405893
G1A-CTK-R5-Roscoff-097,G1A,CTK,35.4,355,81.39228767131559,48.911657909435085,158.5428565895235,44.177158890298486,79.42826555217718,48.082432456446696,156.48787056671517,36.796111588549664,64.99908776100042,43.16386540744416,162.4616788369653,32.351715879815,60.368044417779224,39.9643400801933,104.12233126019856,20.909120304672367,155.7759573563629,2.655892000159924,13.819923344544094,9.31961911196436,155.5791867318356,1.3727611008393992,8.090974984374213,7.354529579611315,1.3507008669080203,0.5882573132881405,3.2664390376336145,1.8770826538155763
G1A-CTK-R5-Roscoff-105,G1A,CTK,37.3,374,82.7275399470452,45.987521032036526,166.12155240879255,42.45889739526795,78.42053314774246,47.93600581546433,151.275566054626,42.03080628062309,54.1663466598096,40.31579959786424,104.07892060509774,20.358343611851836,54.11325976273918,36.008677768133985,101.64845286594695,26.59196318877759,153.9983883608998,1.9075430336397343,9.933051089129862,10.382765257333402,145.19417292979287,1.9551733550276056,12.91977276057412,11.863072435786798,0.3861538139781998,0.34734378300918034,1.914142147199555,2.1418002623158774
G1A-CTK-R6-Roscoff-006,G1A,CTK,39.0,391,84.49856708610942,46.25222748395717,166.35945577312523,106.5809363200441,71.88251986213088,50.51214882325475,162.96310138963983,77.36762842488946,55.41630642285631,48.080604198783604,179.67550711956733,94.06198135400699,54.867219942512534,37.69906005593628,148.37607013401907,67.50177409402725,174.82786196261154,3.7299181318069907,22.530593608376194,12.838295294947526,165.88381843732984,4.024151832712704,30.215166342296612,12.35648904870428,1.6375646379625717,0.9814011681895262,5.116843015699012,4.833166806461547
G1A-CTK-R6-Roscoff-017,G1A,CTK,39.3,394,105.10128401035827,53.60490466309765,165.51948765861601,64.84353355807346,108.92823572870124,46.75530537991695,178.66994193151749,99.99227241852084,48.98615301653023,47.805917179515205,159.99142868376944,55.38176993948241,47.258450554464154,43.93073004761434,153.22083046412124,58.85953417521969,167.22143793261372,2.7608220845330504,20.092486300388458,14.124340756942008,162.42809494833872,3.7303091016876184,45.01732836515582,11.156537924261496,4.5733878964377475,1.4042134371382151,8.629335363842566,5.306604723528336
G1A-CTK-R6-Roscoff-023,G1A,CTK,38.0,381,101.87524677819532,49.03738840774761,178.52570532929963,101.32137658536917,89.97321403391682,49.798491634227524,168.5608777121928,106.06315750116921,66.50553921195262,58.23502173187282,178.72713674957714,89.63347907243491,60.89270058525321,46.32007401007004,162.12636151961806,97.43128617513602,174.4827049364073,3.2981009437386684,19.149199613331376,10.707752030957957,165.44247153659185,3.381506877122869,19.71094625211802,13.365697945763195,1.0823408615022219,0.9544202341909571,5.255021451087958,3.917710358811037
G1A-CTK-R6-Roscoff-027,G1A,CTK,37.0,371,98.35699834619317,44.76773820598845,156.38906599738024,72.5982521168415,106.96943542558613,40.80973588486955,178.5909282894434,92.20376621192442,65.55132465877544,46.304948648765915,144.4191204873028,70.80945270943822,68.92413109200612,48.761070201297244,157.42408364719577,86.62363608988629,167.03666938236063,2.930562789893894,19.771560001819353,13.6753554048365,163.90232942821572,2.073979742391677,12.358641256113259,10.238457516138693,4.130192919021003,1.246884914472233,7.277219992625714,5.797863782758422
G1A-CTK-R6-Roscoff-031,G1A,CTK,39.1,392,103.46409012521401,33.97394911594696,154.8986906850047,67.43405160405408,99.74755843483882,33.79921960217436,172.4570241248854,80.26862067483604,74.75016971097176,46.12789383994155,146.73606670530899,66.23658535018008,74.1923197880035,46.620904383824794,172.05154098100954,63.54800688730849,167.59663927740124,3.4225928773141687,17.959337354907916,15.51358911213314,166.0447350931258,2.018330573729559,16.315962416259396,12.723659046148022,3.861130697603368,1.1595180904825901,6.808424935804785,5.946810125987573
G1A-CTK-R6-Roscoff-035,G1A,CTK,39.7,398,100.70886235243465,45.674518436202604,177.4085871277321,99.1784696211042,129.37127276059263,43.43113148000073,177.4470787895583,135.32192877272703,76.25528267456376,55.21910308890664,179.36847435373645,94.47831167736058,64.92731816871583,56.328939394389316,169.10284265221105,138.1191278041982,176.45802288609377,1.405907533945487,13.871540878755297,7.611547171859908,166.39469882541138,1.2242386755289647,13.56196448124851,7.3599160116776225,1.2339587235747176,0.992288895770809,4.173889931237016,2.956888778656478
G1A-CTK-R6-Roscoff-040,G1A,CTK,37.1,372,107.12260010707423,41.92837120441529,158.89345274477552,72.26380544111387,109.95923166189225,34.964668935143415,170.91583581200038,59.278185256769966,63.77090421538496,50.40481612361366,159.73329185008575,60.1209462790913,65.23659647813044,51.19037730073099,157.48651684289055,49.981752000038895,168.85483485959486,2.8576615313976412,21.424223017122614,11.77034506939949,163.74314577966123,2.3038108450325168,11.565090440938548,9.171060614485992,4.0051366546034215,1.2952151435532782,7.547077071998902,5.072442337069019
G1A-CTK-R6-Roscoff-060,G1A,CTK,37.1,372,89.09766095567144,45.47566548081052,178.5016375546561,83.71248033799804,123.45449375039452,52.228186381870145,178.86468826117886,157.52614409487958,69.61536815709154,52.8618295433924,179.39274028359614,62.18147820682785,55.57219424163122,53.64617511550836,175.51520369767337,155.106082508818,176.53122991505066,1.6870618476775554,15.893866765237249,7.441917390826801,165.94271967448617,1.7619692236076936,16.86467336819652,7.0885484588783,1.1875623023849509,0.9074056360867329,4.399752293060961,2.5092070147927763
G1A-CTK-R6-Roscoff-069,G1A,CTK,40.6,407,102.21098961230913,44.88224810456461,179.19988306467505,116.7168262004393,136.41555700330625,45.579303885564144,177.50603430753975,173.85477934024,84.4012955695578,53.991397560314475,179.30475917784898,101.92788894634913,56.25289754224187,57.948696619255216,174.935442926287,181.33064900491314,176.0058736529484,1.1563986790421583,6.457294187546751,6.7773907273596325,166.87535227600398,1.1036971740951174,7.440151037228588,6.379849764514373,1.211098009738951,0.7132765579300749,3.3173640349039744,2.4345802321155894
G1A-CTK-R6-Roscoff-079,G1A,CTK,41.7,418,99.72126938063212,47.662181508003236,166.50226160978073,71.58323611426368,103.47632130345806,41.2436795296583,166.78672483901352,66.46659216270295,56.158687746837124,41.176237957541275,142.2691974338192,63.96114837946082,56.66848380321109,43.14319576545241,160.65507236357368,59.85460853708158,168.62919006837035,2.7338668709734657,19.84049890754207,15.851034048135745,164.92218634936563,2.2047751089855745,12.627956254104106,10.76156720299019,3.850748363424085,1.2018770539112258,6.752043215707218,5.499655941979147
G1A-CTK-R6-Roscoff-082,G1A,CTK,39.8,399,87.12690330388833,41.51614081008539,172.39281555475668,104.7444919501562,71.96285649238035,48.6827347362343,175.78133031196157,92.95259138157944,65.30931442187676,51.71281301379918,178.6187311244905,109.44570278517344,59.94289882395923,40.07741297245087,163.38462223091898,76.52501657713175,174.99871666589837,3.0748748639347894,20.564599910601743,10.612474061806658,164.2726133783133,3.5648305389610386,29.845883939076714,14.21361891837882,1.1832968690700647,0.9488430780235758,4.173889931237016,3.7479113649129987
G1A-CTK-R6-Roscoff-098,G1A,CTK,37.4,375,83.82104009044991,46.279222711137905,176.79072142569487,115.36339224930288,126.53613557343876,56.142120534022624,179.86132890569667,128.63487808989143,56.95455710422441,47.14612868601612,178.67180759143707,100.96517666937424,42.338146830096726,46.880784595641856,162.82154024865318,144.7970068028584,176.3079003481666,1.716377041385047,8.209810027191196,7.203513749955332,165.84029335023706,1.3795774436794195,8.470411525893581,6.161603388219627,1.0183325650146542,0.9506073856344318,3.3967965244928826,2.6097781884431255
G1A-CTK-R6-Roscoff-100,G1A,CTK,40.8,409,105.98832769040432,47.77461584250966,168.36916501419577,81.50200402135863,105.44221153689044,44.48136641897932,176.62864917445734,95.41758844431504,49.116863812049466,44.69004080214823,144.39300864898357,65.0713867156942,49.687499080190726,41.10712244823555,154.35627815350506,74.3778019433693,167.55801894660598,3.47388152604383,20.566710816984653,15.141531797884252,163.2649045133087,2.736988541692072,16.866569360709747,11.512948462356178,3.7160846424936227,1.528097826974107,7.409658507426949,5.115509327163009
G1A-CTK-R6-Roscoff-101,G1A,CTK,36.5,366,102.265978359886,43.96413647272148,176.61183499295348,100.08739673194489,98.80699076472423,44.389144848863,168.66376882172315,73.06808251309225,60.47740865843083,46.30232612635768,154.43844820114606,74.86072681614598,53.62311661917634,42.495422830814896,150.76542507066975,73.48996431150977,167.25399430007903,2.855834271403216,20.985936723915756,14.321988889113292,162.8295729887187,3.061160139982175,45.385422614106105,11.948764989449028,4.071584896715675,1.2495446148790716,6.752043215707218,5.528372156146387
G1A-ELK-R1-Brest-003,G1A,ELK,37.7,378,161.90317728887834,22.29421118993215,86.04111156374776,67.01298450533682,162.69898045012167,23.621661669393,102.39933645426596,57.83771190195779,54.14419964944963,64.53016746888927,174.20799704089958,251.12857459581608,59.289399008928555,71.6841929810412,177.17234173835877,152.74431925780476,172.59884268706344,4.984447397786098,41.20922174738263,29.971095442876845,175.30964333784573,2.8148222953519615,22.574778197738198,22.105680333179386,3.4942912245633453,2.623027298302301,10.392541225600045,5.651662531374843
G1A-ELK-R1-Brest-014,G1A,ELK,37.2,373,165.52336142534173,14.776183454718506,42.90961548569385,31.80397024603756,166.45165488167018,15.423390740725862,47.48856533502541,34.54441219708174,65.02833759792738,65.92005302903455,158.93502549900333,73.14665377906331,57.68667759298546,71.1337946002371,175.4323135105387,78.10275349004672,172.94569162871272,3.7187513781438173,20.327650978706288,27.431349357580643,171.79096632413163,4.484233298190945,20.2981710987531,36.190986124467514,2.4585692757585877,2.1800233622985266,7.484900805033851,2.8674154816327206
G1A-ELK-R1-Brest-029,G1A,ELK,39.2,393,167.40800564256165,15.451922455973918,46.22357461868316,26.726382235830823,163.52724440962797,25.596815728381554,178.74240385968622,32.77500237269258,53.554762153457744,64.52782325834352,171.03938050417395,42.08060615115833,59.91014369809583,70.94432648021434,179.1337103307479,48.353613728097756,172.75335018386843,3.0608386200328566,17.13838599212835,21.116379420325977,173.16936133431213,3.8271236795277965,16.85678772822675,26.341758114717457,2.6592778932506196,1.6944838047956754,5.797261869611279,3.5482889471408163
G1A-ELK-R1-Brest-041,G1A,ELK,40.0,401,168.32274293024292,14.930662707948875,69.30978800860309,37.66236283958003,168.40547939990196,17.536530298905703,88.50042481552893,34.850493118898136,47.1623844476142,63.3547820802541,177.97003426990742,140.1743388138745,39.31032358050077,60.49495648719111,176.79882669605925,93.24860393534993,174.1586157575666,3.3868589774016358,21.56839500870197,20.18558022140646,175.1323716161276,3.0437460276938606,22.72642235690597,19.12912853489122,2.7487953307701165,2.117867527164307,7.513918611720592,4.047144186730228
G1A-ELK-R1-Brest-046,G1A,ELK,45.2,453,165.22479699941496,18.516941486382546,129.38417279393514,62.54389632108414,165.62835419179981,18.064440642886197,61.191027428985606,43.02734600718567,67.06670998459973,71.52527752059315,180.0,205.636396023577,52.076335449065944,70.30192049309387,179.20748982416023,141.74283698492272,177.47005503573914,2.65353968132245,21.938289961292895,11.485210643806026,178.14435806604334,3.6926611843005412,49.12438968917698,16.325351985969824,3.246564420086206,2.13389695615124,7.769906064371816,4.3387375120748555
G1A-ELK-R1-Brest-048,G1A,ELK,37.4,375,162.50236452860676,21.470272384550597,88.5816182796304,63.280065813655895,172.03088060591992,9.588578072020896,52.5416095985789,42.01787739467094,63.96444189602914,70.6687185924263,177.0786642125992,244.49122339948164,37.96918384546734,55.84700812287029,176.11353547186732,169.32463063091797,174.66881851642424,3.6813267625802983,28.675377979642462,21.350987313774333,176.12608268489114,2.8581297650413693,25.582462868482423,18.89935060856273,4.379344335814806,3.32645698486092,12.309902719436572,5.3480251312185825
G1A-ELK-R1-Brest-049,G1A,ELK,37.8,379,163.9152772998835,20.159959444660686,129.85098985366983,49.57726625472041,160.92473522574073,19.660908345924923,110.02763818058301,57.45677492900133,59.7828804370278,67.5092507533015,173.68998480667273,95.03450443903174,78.15391475208911,74.67908830799314,178.10347138013984,137.9056231743514,176.27365635634442,2.4557099674080862,20.574641915196594,17.62541997194946,177.19489581130406,2.958716814299827,20.686815061251224,19.430590688052355,2.47834752048878,1.7145231416882958,6.769881767673743,4.131264010017249
G1A-ELK-R1-Brest-052,G1A,ELK,39.3,394,165.50460348315053,19.19208453593713,78.98332572341576,31.276933937241562,163.86850815129893,17.19571312918423,81.21863574094147,48.17135054776948,48.611716720175906,63.258832794134264,173.3191735932302,38.54401240369208,66.20497971968881,72.37967452481467,178.4388932561934,85.28879429273047,176.7073121602355,2.1045139154451085,17.471943250616334,14.552232463282206,177.37309815273048,2.5316219516546985,18.192534001728546,17.894187657182158,2.23884047798822,1.3536561779202627,5.737278684430144,4.452054131672622
G1A-ELK-R1-Brest-059,G1A,ELK,37.4,375,169.96484298733893,13.583679206492802,148.93358050719618,31.27857142420167,160.14012295490664,15.89075952881321,177.08466528528675,43.33047366293393,36.47766350743261,50.867096209868436,175.1943877505511,92.54143981744194,92.88974976654777,72.64414823125195,178.07929058969896,103.58130049805665,176.45764680167815,2.196892543369025,19.103140138118476,13.78678091402418,177.52551237054828,3.12022970440125,19.186734165055668,21.02623679829521,2.409438731088737,1.3463514560417553,6.752043215707218,4.398616819405344
G1A-ELK-R1-Brest-062,G1A,ELK,38.5,386,167.04823436827272,21.12892409972803,141.037682521423,49.43907483255133,169.8185432791222,12.524322073824846,62.59029893118698,39.150794290997396,56.17193174657538,65.44741880397915,175.0275542375687,163.55064487271738,50.93262934277333,67.67938114253354,177.59150529063254,135.7999378115352,178.0405043421633,1.9244257701941456,16.81877352737436,9.921329206255873,178.09299302737224,2.3811066585012695,26.987397338503968,12.191331073819073,2.5898878188367886,1.703298493805151,6.185153803301457,3.9181205537428827
G1A-ELK-R1-Brest-069,G1A,ELK,39.2,393,165.1330487295288,20.199521632792955,139.38006045506364,67.87491781825526,166.8905631465232,18.496483843462926,129.96396520299365,57.013470353494206,55.2909943220694,67.44708684560709,177.09916788870822,253.55536090263047,52.54653978805211,67.90439951500622,176.76910394537492,209.4277969432028,177.256403034757,2.679513835971366,19.736194698955728,15.151911829389594,177.96651045780695,3.38095565639285,44.27875079313742,15.603362336461483,2.6211611796189174,1.8228718806533455,6.886836651321568,4.3195329495000605
G1A-ELK-R1-Brest-074,G1A,ELK,38.8,389,165.0252520417371,19.362890373049595,87.79926920874115,54.20634847672645,168.1599894706512,18.616418228268287,80.68923759523435,46.364296254039736,56.36282373271904,65.49780090268824,176.01989935710037,191.02122348044338,45.959863503884634,65.67532340319708,176.57544001103824,170.25603876594985,173.75574966666633,4.477401560833724,32.201457383464344,28.499435450559073,175.19484895820347,3.3223198341123577,23.810375596575057,25.38586537540796,3.2998234980876577,2.6071773054030865,10.97430573212439,5.896643563045835
G1A-ELK-R1-Brest-075,G1A,ELK,39.7,398,165.44953796371283,17.567144449880203,80.404452507265,29.668132603554017,159.35115502839358,20.455117566810525,88.26892882797509,34.12296841962866,51.946506360421374,62.47193897941319,169.29364746363086,45.27833782821692,81.91899414123357,75.71214425463083,179.60271721496034,52.51597378907277,175.74807643333506,2.1108518988479816,15.947358280656857,13.659623344006349,177.5561779601915,2.6848168860097528,20.00299228664801,16.071913193993314,2.838006430764337,2.2581023332906383,8.209150789470012,4.231749847741801
G1A-ELK-R1-Brest-092,G1A,ELK,36.4,365,169.37031210111275,13.015608601565981,41.09242352330563,23.32578496314005,167.7003249175536,12.170847754456355,60.8373923450071,22.396550930441,55.077574590062746,64.95170800717517,162.52558225585847,34.467894050099716,58.22599181598704,70.38339757283644,172.7445231387351,27.61979062572391,172.47899334067594,2.751427024107169,18.881257561272463,19.52603825196698,171.21438707293987,3.754444568852908,18.735311330733055,26.08045033852916,2.3031370838990974,1.5783527899296133,5.4106383701972725,3.1226177492515967
G1A-ELK-R2-Brest-001,G1A,ELK,41.0,411,157.42602707424317,28.885935179693497,174.86699882615733,88.07605313446797,163.28518499942606,19.619444533299223,93.8939971675438,32.74298095741234,24.935516052211508,40.59948196244632,178.54218061677813,105.11085733858309,47.74596615232188,59.523888508459656,175.18980308774013,61.0886010614488,177.71292236698318,2.2446899578505852,19.103140138118448,10.752510540589839,175.49064533108304,2.1118943624410074,33.29968525310076,11.657913372365744,3.6859324425233355,3.410752907450718,16.35764641626106,5.145803617316447
G1A-ELK-R2-Brest-008,G1A,ELK,43.1,432,158.6390188175725,26.34751689989473,154.6961635849241,69.99680737351788,156.5043164692755,23.81679768074319,85.73795766312982,43.1266908447207,68.72707701083833,70.83405125174822,179.42215785858681,114.98402014076305,72.44841607602224,73.98258687477181,176.88350865687534,118.73483041698745,176.46819570041376,1.4936182162028369,10.519872620458244,6.6531251430830185,177.95943771748688,2.138879060785897,35.2669469663679,7.312133906640341,5.4163946617620615,3.5504264671630605,13.026544527955396,4.720136244556939
G1A-ELK-R2-Brest-012,G1A,ELK,40.6,407,155.65595353233982,30.880571629275,110.80091790594184,77.36388128163874,162.54502889462591,21.19506288445654,78.70009736788649,26.313729932409252,29.678006692740055,45.83957514006932,179.91173330090135,54.42562531639367,66.15310424031732,68.90663745722827,172.36113409097103,30.472536316218534,175.8460518784797,1.9810958511297296,26.201645853356467,9.695452490620708,175.9959504878487,3.081741468175271,38.03944019640471,10.23183819045773,4.716483876949236,3.8567663181595657,11.915147071265011,4.870931328928914
G1A-ELK-R2-Brest-017,G1A,ELK,44.2,443,156.93396350813924,31.370173502226404,104.58952012716938,31.757507216061768,166.0136335876649,16.32659449477174,104.22718222658591,29.671261481645068,52.469491291118295,66.29111661063708,174.78578854674254,28.411120067022676,55.084809090898084,70.17648601915992,178.42474970881108,27.279795793644297,172.03130471454048,1.4665605333263547,7.164604820227311,5.2300289325456895,170.60676173914052,0.9233406833922955,5.434242575098494,3.9389329921952814,4.8450890799053346,3.7688644566418024,12.242331198874457,2.6823767679714012
G1A-ELK-R2-Brest-027,G1A,ELK,43.0,431,152.7867985398836,24.38668859105194,82.2971497438798,32.63659857877825,165.20278703163953,19.493222431321783,70.36367312561849,27.22235744026479,82.25436534819222,77.96354047127781,173.11114943436806,21.967019973168505,52.75910699605052,63.04619844032948,173.7376474954356,26.602995430530253,172.20017755326862,1.6510894386155732,16.429444944374353,6.15136573921347,173.88610343556928,1.5089664386486403,7.298370109923127,3.3900138827889803,5.119043649845523,3.1096433448154785,12.155818275401154,3.839625152513371
G1A-ELK-R2-Brest-033,G1A,ELK,40.8,409,166.95904085508974,16.772417636242515,72.05547486266146,31.877197296562166,165.14228523611334,15.846311056256361,62.294176710354364,26.664656950934646,30.783170364829953,48.267743271503335,173.13497736319763,23.93134888862103,62.49471373356295,73.46511661898089,178.9553664211147,22.613906735429925,168.7553019775023,1.2494296632525188,6.655010293565709,4.739686801849618,169.55647511297877,1.0885931291109912,7.868596329640724,4.219369132155299,4.352763931548921,3.725026258500507,12.828782871455422,2.8603013488260483
G1A-ELK-R2-Brest-038,G1A,ELK,41.6,417,154.60937923867536,22.3438952435948,77.49933131435631,36.139979228265354,163.47042828366003,18.677438903775478,65.14918965455566,29.953013339083384,82.55755926632551,76.63712480259775,171.98746641240385,36.93468405195425,57.160636416185504,66.41943615592129,174.02611878904736,32.66509403684823,171.9132471285315,1.652769257265274,16.078331046599516,5.501353803741114,173.65731945234288,1.7559977297935558,9.551728272129026,4.158587203572498,5.3238441213860925,3.039182400953884,11.668575362234169,3.3399573751335447
G1A-ELK-R2-Brest-039,G1A,ELK,40.4,405,158.62317915170144,26.195689151240618,102.3124010196608,59.51877547000351,158.22572570751194,24.575546879277937,148.91356762245078,34.38936195370101,31.518884587912325,45.793314597670296,177.1620119462671,70.23208054893811,70.22411389261674,68.43239652011206,176.11787420936392,41.71753635597973,175.11249225606787,2.150306794161119,23.150147159953377,10.33324367845543,175.89209635517824,1.6012470017423186,13.739514041643957,7.799467396955022,4.337414382603365,3.4620287468066397,11.645222364968012,4.363646830313849
G1A-ELK-R2-Brest-064,G1A,ELK,41.2,413,156.23744803327818,17.648894563341027,58.705612194269776,36.758407025410385,161.1077577297499,24.110949866830172,76.63603095487098,38.781256143993126,84.01446454848443,75.67589237766394,173.01475487625376,41.10641209503057,60.071907503182494,66.54693921025411,174.1762797564155,39.524154356311755,171.89216239998842,1.7472482572107926,16.034156039855844,6.019553119573579,173.90327096135337,1.8381267410642759,8.295991224872864,5.124649573170616,5.003026694033551,3.0919108811526272,11.718281545237833,3.4322325134159897
G1A-ELK-R2-Brest-067,G1A,ELK,41.5,416,160.18017884068422,26.871572021822864,100.40294029843946,71.59477367615747,170.32666086051026,11.148795443505035,87.00848490864142,31.28516688349087,28.382399974098696,45.23433256845542,177.68277076747574,57.62192042418203,38.99459783664643,51.75605734007901,175.0970071295525,56.778212749418614,176.67820114394615,1.957762503957265,23.5584042034711,10.58504114128043,174.89667029762288,1.639167732014863,11.232553916752096,7.976781301152181,3.4810587642960225,3.504382378922751,18.761663912747682,4.807981591712096
G1A-ELK-R2-Brest-073,G1A,ELK,42.2,423,154.41327800055473,23.841702493326263,83.35362099171289,29.753386440026986,162.0848145074952,24.733564582364377,84.05593531606767,28.994446283750953,80.77380889358778,76.72000885387055,172.39140361998548,22.97494786034919,72.41757161582093,71.03551074802094,176.20207512034335,28.97816568624755,171.8361288590212,1.233939799453078,8.76808039015856,4.918630996348469,173.8176692007045,1.7346097726912086,7.5368025021951155,3.121312954453774,4.908546239609628,2.9030255022109666,12.030287767933755,3.2859213109851155
G1A-ELK-R2-Brest-076,G1A,ELK,42.2,423,151.593995420308,34.971485119256606,153.41858968162205,28.89224582887789,161.25477690226504,18.016464961952366,85.03575213237387,29.782651765831005,49.290556400941746,58.46587755784622,170.97666606316156,40.87924411381127,60.16341637494722,71.23519691098917,179.87091367030243,25.830249642824516,171.7211514397078,1.3371592733271787,8.16211590752232,5.077576114653505,170.14301291592918,0.9635887467233742,5.779111294499302,3.4859325956659557,5.402357258115151,4.305578092478208,13.634115633532023,3.0896249045836903
G1A-ELK-R2-Brest-079,G1A,ELK,45.5,456,163.10696099340743,25.45254473264708,140.40344628477615,38.53797272911678,167.28303737517803,13.416302086637065,77.32865615477162,37.76102499065765,49.85347311126891,64.53904691260821,179.38953233593855,52.551866998757845,80.59071085142003,73.35975700143075,176.7447105640217,60.764054559953244,176.60266467345332,1.5612515391326875,7.81194336886449,5.055092285174733,178.04323566405648,1.0518768621420211,5.287711940780582,4.833282629733584,4.614561402157477,3.210432885251702,10.987358215939038,3.831409741708511
G1A-ELK-R2-Brest-087,G1A,ELK,41.0,411,154.70234655307843,22.923487907295083,75.98359188175017,34.362945935975915,165.82957974725403,16.643443586692495,57.807652025744474,25.54672503043088,74.56985981952664,77.33017384841276,175.07265989927018,23.28873197144202,55.90249101731019,65.13973621391486,172.8040595103969,26.610731064905863,172.78654748519926,1.4507695064537973,6.40904816024954,4.204868918978303,173.946392934938,1.5849222152843603,7.843039985610403,3.3328984458185524,4.870556772050808,2.7797564443543954,11.552725102563286,3.515870494138193
G1A-ELK-R3-Brest-002,G1A,ELK,39.7,398,167.45059944791427,16.37285189272947,118.88878622615165,38.79855039309315,167.59164117275023,13.807018016542349,85.93222745727014,26.722134633804902,23.11333639125236,34.41747597870401,165.2797002594496,55.04941406406984,41.628577890886206,60.36624844546397,179.61021701682506,86.06718882782873,176.13219948626622,1.0856555752763601,6.63017844597141,4.726858314724115,178.02421351696034,1.1192868738915944,5.313301507719217,4.3585577510513405,4.839452203461393,2.857296515731185,9.715739765252886,3.9272752016788406
G1A-ELK-R3-Brest-011,G1A,ELK,39.7,398,169.10616969994476,13.80698993171426,113.66433840142655,26.43679613859822,171.30757896014688,10.99317426891932,49.297386663941666,25.937302157738355,42.0602377438959,55.41575606676777,169.29207195246096,40.25893476354859,26.900350649804185,37.63858783218395,176.13976250120234,70.28216569041881,166.5105505326607,1.5032487311534821,8.391220830634921,6.295060344692426,174.70101952657933,1.9341318324988448,11.571073558103564,7.050975345650075,6.06413560902544,5.745704892298588,21.395674394443333,4.284369856119325
G1A-ELK-R3-Brest-013,G1A,ELK,37.1,372,173.44570491009193,18.254133081232357,144.97280016414624,23.95554998167958,157.5490070434465,19.353745613325636,59.01303409869065,39.13783182671593,13.440519001661313,4.852396492267583,52.83427554633528,9.776557917985542,91.91188853520634,77.77605106515279,174.94880239521225,118.69302422397632,168.85692320191276,1.8691307836503712,9.60915459964042,7.035031751484961,176.04811138971155,1.4719148272637423,7.027440934976681,6.750133805876226,5.391714997321276,3.1435261408217428,10.82544415653211,4.227960043012717
G1A-ELK-R3-Brest-028,G1A,ELK,39.6,397,164.90477102285945,28.049735684216778,179.83270564968106,76.55355441171407,168.69974163495854,14.908292081608558,110.05314581208528,38.85958554390807,21.36021327658744,34.08028719442679,164.5799255726962,50.40356887877891,23.37750536633009,36.59953750045918,163.09520223661394,27.966328323844895,166.71958326316212,1.559186757391176,8.395631429474491,6.859256482624993,173.59369714451637,1.7988633020475469,10.093291728375505,7.122764062990047,4.193545566598252,3.2248469394957433,9.954685636496773,3.4518433519021245
G1A-ELK-R3-Brest-034,G1A,ELK,67.6,677,171.74754431363226,13.172630433754799,121.54767952077225,27.54178779180494,166.23549902729877,16.69671426724243,178.25813638586936,38.050135167235396,27.538729288783568,44.78097189663757,178.3905849429459,72.902536279085,56.18393865170073,68.15282071353347,178.57432766853228,130.84186029456842,169.98290414469892,1.6032046950927359,10.055808897572035,7.288996360572559,176.01426085856627,1.5541445675483225,8.794816651602645,6.938490860756023,6.805945721277549,4.466570484950018,16.18920625702696,4.176108908558395
G1A-ELK-R3-Brest-035,G1A,ELK,38.0,381,160.36039789507882,31.56101703536641,177.30413688931134,82.8894768816258,165.21266625897832,20.906546603316254,177.61907523797785,46.279949358835005,19.879072475610506,29.650201250254074,166.61452838654606,46.112176922827715,52.406264697026046,64.7960608941011,175.08967667753467,31.44147633861788,168.2707300546852,1.7216641020063637,9.979269173038347,6.684922439140063,170.81621028878686,2.262164269460056,12.25825448955635,8.451752934907944,5.080945786465443,3.9119606492495747,12.097561981279362,4.068645325157917
G1A-ELK-R3-Brest-040,G1A,ELK,42.9,430,167.35293569169008,16.660930182599976,117.44962802293652,36.07422996706009,169.61422061816762,17.860912392101618,178.60715307821343,20.756422768814794,17.824550242758402,23.52469353373974,158.47185506135125,40.03739853902208,34.7521755319118,51.600429779514435,176.95889181041264,41.72065347829815,170.15255153904425,1.5435473297813678,6.477924553074587,5.808858711006816,173.5639138384107,2.4349914897200993,10.580744986053617,5.754236631514351,4.395293718869024,3.880945508637553,12.724355685422363,3.946935347393923
G1A-ELK-R3-Brest-055,G1A,ELK,38.5,386,145.35364132675056,57.57710800856567,179.8240193999042,46.89089243786658,148.68707842319435,49.236233731020654,157.77044537313236,84.87238684881532,19.119310629675123,31.149781353127313,175.98680057198567,68.2440305256221,46.72437459230194,59.50873127172382,174.48156537849712,78.34859527495883,166.9980154611562,1.7888644335409918,9.821391075991698,6.724823528108747,169.82120162956167,2.1476442262709177,9.509461753930253,9.267764854661516,5.280389004253763,4.144767519662121,13.445236688105556,4.148285527147979
G1A-ELK-R3-Brest-061,G1A,ELK,48.6,487,165.59707041078235,13.743409004279515,64.83152182776858,30.21215181242159,169.31476442516387,10.989540836983082,61.710290573159156,33.12940908792207,66.50731217539999,74.32989669779849,179.29643231720692,135.85885009115879,35.65659249915928,46.950522330427674,179.1514452693757,59.45600350006191,171.7751605992821,1.7825095668373379,9.864073195882526,6.0488097591394565,175.76321428461117,1.6241683085571912,7.52054443891862,7.053229635590245,8.963935822342572,5.416953988686972,17.213908897688828,4.445996562064903
G1A-ELK-R3-Brest-066,G1A,ELK,37.5,376,167.3283392430012,19.94397029660167,179.7891915327879,53.620554529876536,160.48943154721044,27.826420170882397,151.90368450261255,48.52362518214214,20.90954673167995,32.07835542455726,159.5203577484056,48.63513948564731,54.23743789685704,63.47342790572132,178.5122207803539,86.90795921012148,167.1737374595873,1.5604105934672043,9.763752243519264,7.771472831309313,170.53078090903335,1.8101519346006487,10.219007455510052,7.119555639404224,5.278507976848393,4.404436962118901,14.53290947008694,4.434488199197235
G1A-ELK-R3-Brest-070,G1A,ELK,39.1,392,164.72420391599348,23.992303972554318,174.6710538708213,60.795926776804464,162.68164845209995,26.591715619349173,154.74254575682352,65.44581289919446,15.172572524521886,21.690479855732114,160.69089719796202,39.254179031584265,48.56477768540055,63.49526144267843,174.97016698554887,139.22927168767993,168.57434988549144,1.4146241509646704,7.5585412896459445,4.8211366602549335,172.88452087875964,2.4467001659588177,12.890000175352384,7.405201879418561,4.330502763483535,3.4654141726086247,9.78960372826917,3.203099011769792
G1A-ELK-R3-Brest-080,G1A,ELK,37.3,374,160.17719858971248,28.901307554775887,173.99749315430785,30.477786498835194,161.10931259405012,30.075445733601956,171.08240182420366,22.94556739332478,12.669549229893088,3.2600180404537564,24.04714272277763,7.3656449917393285,13.151423063590435,4.345434917947811,27.935803160426616,6.170142951750811,171.56802308351445,1.3430294275017747,9.194892864464379,6.3700267798560315,174.75188554789293,2.4765938792129987,16.674126142976235,6.02094598518579,1.0381272302936393,6.215037406357794,118.3304580855401,5.532640711657242
G1A-ELK-R3-Brest-083,G1A,ELK,39.3,394,166.63053504267833,13.178388260710383,78.47218577006218,51.88230608745518,165.42393168757926,13.017256943852436,69.48205808824663,33.618466650706615,25.602840692559816,42.044635837528304,178.8526319543268,79.89007422214333,28.74306352940091,43.824631959463346,175.48263502980808,58.29101233093808,167.78319912259553,2.1073366662326003,10.94075834933193,7.144156438850166,171.11584521532015,2.0558332931849383,11.082801610930886,7.3521701228366005,4.84616099866495,4.115542272878664,13.728233161172886,3.9639189602144387
G1A-ELK-R3-Brest-088,G1A,ELK,38.7,388,166.00931452010997,12.555045045740473,90.79693646359529,44.39613053763377,168.61113961828335,14.16902438850958,89.6092951270613,30.479786883146996,17.469683774983963,26.157610793332047,164.94159243632677,41.29993556836044,40.283089162011514,55.34962904402475,169.97407046921103,75.16159559180623,167.35534520253285,1.6871947929623878,8.652263924846267,7.797907062485762,172.52216784442976,1.7165523433252763,8.286913502933288,7.226580666205791,3.8779154363311785,3.001811224975859,10.279543937031795,3.51247331543103
G1A-ELK-R4-Roscoff-004,G1A,ELK,50.2,503,159.46338715987488,18.453711887552696,70.27044783541533,37.819965912436004,151.9218374418929,13.97758987131005,61.79764759182184,58.69162868921794,38.00045975772999,49.728244151234854,165.59034053855385,33.65820759956748,53.394581977426775,65.63881554196314,167.13335114400002,27.27512990874549,163.0292517616139,14.155820703759161,39.855769597054746,78.71433979659726,162.77067329894442,11.42100117731326,30.92784701742727,76.11020963188571,2.814179956181579,1.9684841503110586,8.440365275506627,10.93118557472364
G1A-ELK-R4-Roscoff-009,G1A,ELK,47.5,476,,,,,169.03331678801905,0.9860552641859617,5.742467855036693,5.41669082009817,,,,,12.433808798085654,0.6596170343711559,3.7072317284359837,3.3804172975574796,,,,,178.42103073120893,0.8506336197984714,3.3658932403985773,5.323469605927844,1.472662058625235,0.6054505682206278,4.8603390435219085,3.0604826674168244
G1A-ELK-R4-Roscoff-015,G1A,ELK,47.0,471,151.53214665129246,23.174377306026827,79.05822273167817,43.341079181251025,169.14366473828588,8.339767993681015,42.711920773509235,32.798258213125095,49.97563990243971,56.19246478145775,162.28685673778776,22.68485655436617,23.314011047737623,40.29734084818334,162.65017806149893,105.24623438284945,151.92611580276727,3.2411662404106756,13.215169277345382,12.61232633270331,161.02396446644838,10.17041954926743,34.49180038861033,21.351136739473134,2.315757575890297,1.9752446544967945,10.257235555677912,8.467908886508667
G1A-ELK-R4-Roscoff-030,G1A,ELK,49.2,493,173.94652462183282,5.094956891474767,35.45648359650076,18.842527192354076,170.52261406744753,7.442920406424334,71.95007252102087,29.78625115184048,52.092885907268204,62.129153305921996,169.93677400727347,43.50022169553096,55.965551504739416,65.57221515693614,167.63792057457843,15.435491035735376,157.3114673528337,3.6073729124819978,17.727508593351644,11.122473858071986,152.32472531277568,1.5513883545082,9.205084294781841,7.963510749901182,4.035522473825059,2.978475359072064,10.060689795322947,3.5926354250069075
G1A-ELK-R4-Roscoff-031,G1A,ELK,48.2,483,,,,,169.15325177801807,0.9646125939080602,5.947817623828968,6.156736523544523,,,,,12.545532171548599,0.5522288552115232,5.1417240217990745,3.1985875839142413,177.68594436558396,0.9103628794634215,2.163251959948184,,177.99165256483604,0.8163520481921345,4.1776300306748055,5.386710595899695,1.5441750582421145,0.7212067837619434,5.820022087290016,3.3829241714720797
G1A-ELK-R4-Roscoff-036,G1A,ELK,47.6,477,,,,,169.25546781354416,0.9188160182825419,4.2179358140565455,5.244812549084155,,,,,12.533221422908541,0.5660997520382075,4.077241267388837,3.3459609002641706,177.02465767826413,1.20153251227399,5.480377866640879,10.680265533924882,178.13656276889384,1.125077972620443,4.488205953194779,6.348954439059563,0.9526825589679597,0.40341007627528963,2.445120152281014,2.4208336826610015
G1A-ELK-R4-Roscoff-045,G1A,ELK,50.2,503,172.07800403447663,6.27851150444763,43.75717559286744,14.388208267835143,170.02110264306543,7.844733240793813,52.06644339467098,23.901214129138847,67.58026725329924,71.1222167965049,178.62319108531798,23.52802349920968,55.104935747247346,71.12350472870118,174.57757951937586,13.422225898608724,166.20142330357444,5.282188433230268,23.121061744287715,8.795714604123015,148.79193595226172,2.3944743203864713,11.842793763990159,6.794473809682614,4.630554975799787,3.5939912545840405,10.90266391603893,2.8226125073494526
G1A-ELK-R4-Roscoff-050,G1A,ELK,48.2,483,173.6615401028799,6.080476360864529,34.29330960078991,19.231579138296972,172.47838438059307,7.113097634813235,75.16917882292556,26.701239545727073,72.62310649804138,73.58045178848943,174.91381962626667,32.345843602671366,65.08650790024583,72.225290711124,171.22959376306622,15.984240155598277,156.55885849107042,2.9405322803579685,16.868203339363987,10.878880119591614,155.23603683585054,1.7582715161289577,10.06972015109875,7.1060469507322335,4.847443104927527,3.051346971528754,11.191405999502093,4.309719539213857
G1A-ELK-R4-Roscoff-051,G1A,ELK,46.6,467,156.33929232395354,23.88760036529312,80.29177805167164,59.903826307716706,164.0485122907458,11.205321418421613,58.573211535497805,41.06156987779042,40.550515058242425,47.364796610366874,168.51917369347817,21.681153473110445,42.19675686831515,59.103038011977375,165.93221591874374,115.86703141591241,153.27645502499354,3.1623033711074005,17.833211257638,13.473232056378013,158.49352101342626,9.467714331732397,34.8125714061691,14.801789434315378,2.99646352655578,2.095833957314895,11.617925335761822,7.832123185169849
G1A-ELK-R4-Roscoff-054,G1A,ELK,56.2,563,156.97905067379813,20.44693349078882,66.26012594304575,34.49507434217922,138.88116863076283,15.426056179732814,66.79859206622308,47.70470902135365,27.517075007959562,39.336256288601916,177.90738012592624,13.09802360546059,67.21487923313683,72.80661980574297,171.97523104725286,27.574350491396142,156.2957029260353,12.45980029577985,37.42822411776862,46.028428350393085,155.72872904973147,6.3479942096183155,34.14652774492828,24.976375470857704,3.2240197134157116,3.1487760995736234,11.2579084754421,9.837869303103922
G1A-ELK-R4-Roscoff-065,G1A,ELK,49.2,493,171.39181104758254,14.84961870620776,154.66968654073798,23.946927145227065,169.7032166942855,13.314633928241806,179.67069718665735,29.17951348322206,45.588217739647504,56.14054791164721,171.3723260178433,67.39650406923487,61.66939934729188,70.69945462132947,172.28523874649028,15.648590916495703,157.07501301144362,3.0365125351622804,14.649299170657798,10.083600951700483,151.82552075967297,1.6341855502866347,10.815365707048414,7.970479484477526,5.01349415480572,3.6968657635905884,11.439122287807166,3.5992988799226664
G1A-ELK-R4-Roscoff-082,G1A,ELK,48.2,483,173.69585744546407,9.697600626153656,165.93530727664083,24.468979845165954,167.819045004156,16.84940100481398,152.14866662864677,38.1165371688478,55.17126299698822,63.8451464661999,173.39056102418613,40.05730528647973,51.944982824150436,66.19246287919046,172.05456818007346,33.7895349057905,159.01638285020314,2.4290471571663277,15.02940104204177,7.258884914342064,148.97066672771362,2.2270538587069053,10.683275053150794,6.026299166386284,3.7447642505567855,3.5496877300699983,11.111171209852715,3.100496863174861
G1A-ELK-R4-Roscoff-084,G1A,ELK,50.4,505,169.3070199286524,8.88664592955411,42.526852458268905,13.446560573813308,175.37404705326975,5.697129603207743,43.91249822268864,23.06661858309444,62.87792325959955,68.16724926592259,163.95599712120668,11.734551643881163,46.776338398699586,63.14488992728452,171.98867124779332,17.006279488879457,158.0407891133403,2.1438686556261772,9.636080020491136,6.568703238278624,147.59363919229412,2.1474923582097074,9.364941455368296,5.216021187142225,4.095869875855966,3.2721497271734132,10.801283021708318,3.249584258301131
G1A-ELK-R4-Roscoff-091,G1A,ELK,51.5,516,168.14251390903186,12.399702204947237,44.09890769500109,13.517640621480975,170.65386222857185,8.98988028341742,70.04302713957017,22.257451014135693,65.50992476360902,72.51559679885221,171.48416209537498,13.638869808620955,58.80953044902287,72.11483831390667,171.96242548738007,29.211195414138615,162.6455039121625,2.617278182556078,13.500082628535353,7.419595274476924,148.38430908905872,1.9029192416562781,10.294020355053675,6.496800702753277,4.028462364742078,3.422871773133685,10.314052581832295,2.628438223561541
G1A-ELK-R5-Roscoff-020,G1A,ELK,51.2,513,165.08423847068548,17.88929018084203,61.94811067593916,17.27553099524324,164.50393870489285,18.229160553505356,76.09714341178272,15.124852975820904,56.921167036585146,65.36843999865106,166.76667722722672,11.656259507120051,56.167984100748086,66.75964847686716,170.332437814096,12.05080961702151,151.37889484412648,3.2092134250267983,15.132184656341622,9.34946262646304,152.86139092266126,2.4104067640610993,14.767284384640647,9.47424296783937,2.418407046732901,1.9535759833739406,6.972481355961344,2.498966938349882
G1A-ELK-R5-Roscoff-022,G1A,ELK,44.9,450,169.84856635432095,13.695092734169863,86.44218202850129,18.24972928780247,154.2093514480342,28.699638161019074,119.38093037293952,30.73492258677403,58.4279852512732,65.5468093744074,170.16723514322587,20.4171878592178,71.1598936123565,73.14734375564346,171.90411691039716,14.942301969909138,158.33473028633964,4.27243046299339,22.70857794355979,10.862511743623894,151.8428530810211,2.0265458869125172,14.126909187947973,12.017746281377658,3.359554791214397,2.8349413838746518,8.197919868706432,2.9483873379589918
G1A-ELK-R5-Roscoff-024,G1A,ELK,45.5,456,154.85132830869017,28.60940581609823,179.3265627585569,36.698466159240645,159.22556922751937,20.23770552786276,100.5835316961955,24.3246158029836,69.72689795327429,72.95000844288752,171.98107284788057,17.55844571845887,69.6613820213246,71.73700462030071,169.4790326542041,17.788832660340425,142.9020988481083,2.951815115450799,16.9282940380387,10.743656734837046,156.39375208426463,2.1821422463843354,14.15854428759053,8.72877238898179,2.4733952131621573,2.020368598585025,7.352379359892325,2.8460316438848885
G1A-ELK-R5-Roscoff-025,G1A,ELK,44.9,450,156.47352903285997,30.534311144479126,176.78297532995964,39.7390795846988,158.88837918345536,20.174400790387967,97.23974212073813,26.57507011808788,65.83090513223428,72.18298170999633,172.3173278479542,21.534487851350036,76.92861468958864,72.89761698617399,169.1796347205837,19.166667158397807,142.70614110508663,2.65624529630713,14.131154654085549,10.279321806647108,156.41256203435347,1.830066407729846,11.736046288614716,9.00619333544961,3.012352395281263,2.543747938888355,7.977666776153847,3.002616956902224
G1A-ELK-R5-Roscoff-026,G1A,ELK,54.7,548,166.20774485221554,17.53718939666677,72.04468233737374,19.71953996237549,165.50437719005245,19.48187536702164,88.11326148252208,21.78589708640111,46.82757554578969,57.676094210999665,167.22211112208203,11.615941349963617,56.038161518873444,67.61948805497009,169.89508692365177,11.800338586653618,151.41138049562196,2.7635369104454766,13.781352640835678,10.037077949083653,152.27898663290125,2.6023660732101215,12.308871333210107,8.040987125450608,2.279351028998469,1.6353911817251052,6.116953780277319,2.0780661886221052
G1A-ELK-R5-Roscoff-032,G1A,ELK,48.6,487,157.49467551964625,30.94579257887837,160.77197709005188,37.866106593501414,160.19313417164233,22.28311357909099,129.65506406795845,32.999269027154995,66.81841671377167,71.18144523089529,170.6384702685111,16.471588918567196,75.04351530950773,73.1972580551291,174.5462403609934,45.96432660160996,154.95901909404628,2.9456941602274958,17.396038332808246,11.786856286295915,150.77907942611628,2.45135578388991,13.17438229848699,9.522600971749998,3.1139624408630513,2.373024444761434,8.171832703305245,2.869544741304173
G1A-ELK-R5-Roscoff-037,G1A,ELK,47.6,477,160.0152524625944,23.43628146404874,118.2355372269823,28.467507321250952,158.56848103256155,20.840526728846637,86.53480109823988,29.210223007695554,54.570324437980034,64.68847023889703,168.56810249363778,13.95465239485672,59.30521697409933,69.48798831246974,169.21053070172,14.154421431617656,156.3769920498275,5.928191952867189,28.961328277987178,14.681844136248143,156.9451160902585,6.247880186644048,22.06608852474446,7.23259716608038,3.0479492380164026,2.5267522260961286,8.53381206945641,3.299368090569701
G1A-ELK-R5-Roscoff-042,G1A,ELK,45.2,453,156.26337049122176,24.6951357759517,114.93928954930419,18.292837460827673,161.37843973681788,20.297602762966136,82.46555399428527,15.749822171875431,53.43514159694918,59.274329812916946,166.29502591895817,13.229453849685232,60.06284654125912,68.20405365940562,170.08350113514456,12.106785523402657,148.99387932697917,4.0160223724949775,15.923496661859815,8.67950560395283,151.26221628858977,3.6498043331413443,15.588951953690724,10.707288824465698,2.5541544598071027,2.167205166115283,6.972481355961344,2.5620049430024734
G1A-ELK-R5-Roscoff-047,G1A,ELK,46.4,465,159.0454979391617,28.08518041846971,110.02340448895686,26.543778491326286,155.29783195269226,28.928654360583664,96.55398371710609,32.5583279544568,72.60047892258201,70.7666226939052,167.32155194723856,17.053328151232673,69.9390949119259,72.82744773455393,170.8983895970123,13.692535833033636,145.5907592394764,5.700138548700476,31.747667466865494,14.436114929371087,140.04701815192462,3.1776666335105315,19.431341547864207,11.164853718333841,3.3542610170859763,2.4152970176350377,8.06613023552554,2.869937722713804
G1A-ELK-R5-Roscoff-053,G1A,ELK,46.3,464,165.5773174034572,15.56741474875011,95.48083010135366,19.819038897315842,154.18544470839922,27.30275809180517,132.89401214272908,33.21430602314174,56.6752413312933,65.9158351191079,173.53598029804826,24.32934538373538,62.74432673604032,71.58332164059085,175.16065768009037,15.416462854231245,161.74335083964093,4.718823290598197,29.7836701529462,10.157347075592009,153.34079160333772,4.71398437395339,35.37797610376833,14.18625083501648,2.7840377759136965,2.4788576734479055,7.919754489913184,3.051103299079563
G1A-ELK-R5-Roscoff-058,G1A,ELK,46.9,470,156.89106747816425,27.48366688781826,116.31808728587804,26.13077004566497,160.76720662082857,18.97185447667441,88.54555621014377,27.98943022453759,57.179910088699515,63.89519812735585,169.60257828283818,21.27361425061809,47.34228127213474,62.10292046198054,179.19806844859903,15.136341293708426,155.6442382116598,4.222031042405989,21.73181161455767,12.30218648150306,151.44931712254743,1.8513062916368364,13.474434408332343,12.029571807732582,2.6540653091818416,2.368491833023259,7.118259505561212,2.812787554749896
G1A-ELK-R5-Roscoff-063,G1A,ELK,45.6,457,165.18530616964154,23.242270134788285,135.6656459768726,36.494574194477025,157.50905320547395,25.63955023702409,89.87836234195417,31.482701555790996,56.54054332015919,64.57657424221588,168.63101015983506,50.909971807656916,72.26276340289942,73.43990655489317,174.12062903948467,15.8863473137437,157.37781917124676,4.177818813909461,20.709198606140745,11.308989740609125,151.92854040870702,1.767349997753345,10.635882051380378,12.0656631713007,3.084684190518084,2.420937599233399,8.528842642403049,3.0828129929059807
G1A-ELK-R5-Roscoff-068,G1A,ELK,46.0,461,162.0895111369852,25.024472690579127,116.63552994992203,19.86058984592515,156.02462381139676,27.597560332655494,101.28054997188214,26.92806558137074,48.35555243306249,61.1000990064416,170.25321090291473,18.554526497482325,61.33471605796302,69.91816323976792,170.8430565422735,14.638106488513,159.4860470602568,4.828553116735457,24.844770781887632,13.907522661619378,158.79594083676852,2.277232909011946,13.341296119014572,8.966505505058425,3.1479141487360356,2.518378480105681,8.53381206945641,3.2249282283504637
G1A-ELK-R5-Roscoff-081,G1A,ELK,44.7,448,155.86309364999926,22.369821781925758,101.64755331476583,18.361788302824298,161.73318105381222,17.091278834938688,82.24431135836726,15.695403066892231,49.521568100273676,56.848343340283435,167.31765135523978,13.363458460542972,51.439877253190744,63.55790266355573,169.4504644647643,12.349025652564782,149.41866830573557,4.085062178309012,17.93468159339045,9.804754584648729,146.54435635751136,3.8888378027207713,19.721338121644635,10.312096364351804,2.38486631813048,2.2648900419399296,7.642291110955961,2.6254527580866034
G1A-ELK-R6-Roscoff-006,G1A,ELK,52.5,526,147.26534946011066,36.603378751928446,140.08738011620545,42.76211894991376,153.15869532873924,29.21676255571594,112.093571792371,80.52258785159715,71.07294446999494,73.1403605912542,173.52975857976972,33.32178616245536,60.41525157427237,69.82408296117295,173.13440379266405,164.62197834231847,177.58137074997433,1.4924920972959193,7.069365894521155,5.63380097282255,167.09950750603483,2.3513105601260422,11.644873086299214,5.967352241829353,7.944990218097595,6.383266512655877,17.178459751346786,4.3599676887960905
G1A-ELK-R6-Roscoff-010,G1A,ELK,52.3,524,148.92684753863438,32.907613031365045,146.8702645315879,89.92536225936794,138.1096511483851,36.27556303071926,149.8668683549905,115.981947852,72.54481438224661,72.34891682174997,171.389525687681,69.93778058178395,59.349343435944284,57.41744308669829,172.4205735438305,99.1121239231818,172.2978535542351,5.017440452640379,32.99137314299631,19.859661257058445,164.66409507785383,3.626357223381666,28.72310839925447,19.242150850294966,8.353082710037164,5.694896017170753,18.423632255912715,6.525792881493193
G1A-ELK-R6-Roscoff-016,G1A,ELK,52.5,526,148.78865034989198,34.216615702666864,141.30675058995837,51.603881791552325,156.8704467516443,28.598840749853487,151.2420524394815,75.60207814305812,74.96015873353747,75.3561052942245,174.30815431525045,34.43069792952336,52.50267013961408,66.46898149001278,172.08284732709475,122.93513303296197,177.14499798261204,1.5541054351911998,7.186019758432735,6.492977202143707,169.4622776699722,2.7152483102059346,12.284242748623512,6.3799948681160625,7.978169241371378,6.279231656515341,17.27079841373934,4.188046508384954
G1A-ELK-R6-Roscoff-018,G1A,ELK,56.0,561,130.68785349774043,50.50955037809107,178.79418546749005,130.73084853750825,134.92900256474255,40.97654713674464,173.64554239825497,118.59066933302998,55.37341845080098,63.88404862362916,175.2622917611923,108.58126476840296,41.71195914674232,50.12348230490979,177.3116068082545,118.9109361837884,173.24330478312663,4.17834587298482,18.6811306139015,11.251872595200364,165.5052210813588,4.26845441542625,19.439956755550213,9.881381406520983,5.487862863709093,3.7738537954054796,15.235320576854374,7.1552636628357105
G1A-ELK-R6-Roscoff-019,G1A,ELK,52.3,524,137.37838115694726,49.29177207689643,180.0,102.60829570475724,132.05219158333952,40.610924684828205,179.77755442184056,149.38082309965898,42.437471955777745,52.15620450517985,176.99040168414555,76.61035155590432,40.76207958948246,46.62906656668588,177.28787624358716,101.075255429044,172.4846204875089,4.480677455657468,20.983683451155542,14.813600590779096,166.3096466403026,3.8890436969125104,21.059155882124287,13.065649564675748,5.963475823854833,4.1828022379007646,17.69850898773847,8.047256509733355
G1A-ELK-R6-Roscoff-023,G1A,ELK,51.6,517,155.7488409882368,25.308768443473557,122.22614354543806,46.79530626464722,124.67501982955498,31.55994682292022,166.87973950508976,110.52672103029464,57.52314216492709,68.78027951827454,176.6864571725122,29.442118549289404,79.64856487528347,59.436225405261474,175.19527670508504,103.70089557896307,175.63443131551696,3.9532146279437823,30.544115820643356,11.405184939980252,166.97140570454638,3.8908409050069768,32.68153478917591,13.55587588412985,6.176537356233316,4.348711620137933,13.247453572172086,4.91994771797276
G1A-ELK-R6-Roscoff-043,G1A,ELK,56.2,563,159.00182288904873,30.78314020737864,115.80750673469502,56.27182790971198,151.926183899204,29.903782769945803,164.53190114140676,85.50663129078501,44.03586507584473,54.711297380301694,170.58651180246562,58.79214847437204,41.537815213345034,52.98034218777882,174.42012271134845,83.57741826932235,171.23337779553182,3.4492471065173227,16.70118319673861,15.975428658439023,168.25705522261427,2.266423627589355,21.18869508493819,15.01792103626116,12.11915149393883,8.265334179774174,27.965008471261516,6.302116942522567
G1A-ELK-R6-Roscoff-044,G1A,ELK,54.1,542,141.8425576059993,38.36240563772606,119.65407159700061,88.25438190701374,156.44553192141558,27.56425289619848,154.90348906405933,85.13430804591303,71.38172874916168,70.03186832851536,171.27262785123122,99.21457257473668,38.84659223336966,50.66648939189937,173.27436044397132,92.71552507378206,171.76282355143383,4.499606337834849,25.011472251347897,17.308545680325082,169.1251190981901,4.214472399171317,27.211383719438487,21.70203712460822,11.318109079012501,6.811672467494233,24.963303371897904,7.011146441842245
G1A-ELK-R6-Roscoff-056,G1A,ELK,54.2,543,155.9019247150256,25.836184511749405,127.06751688622714,51.54556974862727,134.08603590562734,34.6941171316425,144.11848788158122,87.63056816902889,50.75195665693906,64.5771729257833,174.71676622929652,67.26654687208047,66.05821973678938,58.49594730761183,169.5114255089628,122.31896097529905,171.9339651163195,3.586110187385124,31.529081553533928,14.304394767021765,164.62389742649768,3.777941725321442,25.243064887371133,13.584833582780853,8.463604384083315,5.276360057308012,16.232350661156204,5.844959144089565
G1A-ELK-R6-Roscoff-057,G1A,ELK,60.6,607,138.9596227147081,50.02180325131968,180.0,103.26362558624174,126.64739218633936,44.51634280731429,180.0,120.24034792636316,40.93343875762819,53.002445713818,176.2404455950821,90.38867714051399,43.39800821774217,49.070209168134944,175.63108803696505,114.15951862320489,172.77525805442718,3.639727464074022,16.25199870900164,10.046421127755846,166.73693874079171,3.633888353277688,16.497864415439693,8.385117361443998,5.42100435710068,3.68617429127587,14.228750402451805,7.507083970372269
G1A-ELK-R6-Roscoff-078,G1A,ELK,54.5,546,133.26632962950654,44.327431929396155,142.38062555725872,64.19178381456318,147.08137725112195,29.580081763468268,160.48909644089562,78.91067645265255,86.15680489870634,78.5163315151964,173.64142058037666,87.80381497243002,43.50226371424702,54.0593130157119,175.3781162298429,100.27305423384924,171.8070689713235,3.5254866434812993,16.264353127918525,14.54416375560314,168.11671087723616,3.318384350875048,26.560230804139536,17.492393295957633,12.986520876878458,7.852419694836963,28.23255171957747,7.544630064376415
G1A-ELK-R6-Roscoff-086,G1A,ELK,58.7,588,150.0100604739393,32.246615453901654,146.19262539146,41.790483807975065,164.84064192107905,18.535305331940933,155.24298738318342,67.06358032490064,67.80087879433482,74.10415384777326,176.1433310031304,30.138206222066298,49.67912021023166,62.43847429750282,172.26130911989583,129.79665728218782,177.05208549729707,1.9577350159826896,7.737806343032219,7.061252691517479,166.628209307337,2.255733773145578,11.659398654087937,6.949566884370504,7.104653178364452,6.317913555528849,18.99330290450947,4.059720971740436
G1A-ELK-R6-Roscoff-089,G1A,ELK,55.3,554,140.0619319688453,41.457628917950935,172.6988955866093,71.62890121784814,145.4731132716239,36.5777441199244,146.5510685525832,55.46532636856906,82.39571004607004,76.82757800820013,174.11839458140082,38.633181124548,65.42462488381851,72.48434807577772,179.83200038293415,108.17694721966885,177.9250435536321,1.5595410029599732,15.161475601188698,6.063941989984296,171.3035155553896,3.134362521408171,12.93344476392997,8.328397517578718,8.268416550845988,6.9598655277398755,21.444372516887107,4.458561780686426
G1A-ELK-R6-Roscoff-090,G1A,ELK,53.2,533,138.27221314293647,35.53997002795198,139.0256009586981,89.64295986448897,157.03273951909446,25.211140191511628,109.20776699140366,70.27296200903162,81.01534036862773,70.88054342785638,172.12312844479305,103.71850568260717,42.27267587844001,51.50879616714549,168.45928789693156,87.33395996466211,171.90149501814392,4.4761028188414445,35.22464722254415,20.57051818495691,168.66337095381587,4.270071388585579,32.47179553045041,21.062083440239153,11.061459176260637,7.173934691080549,26.009578602863073,7.697940982731865
G1A-RTK-R1-Brest-006,G1A,RTK,33.6,337,158.11907786988263,17.476510273538047,51.21423323904858,24.14030826926393,159.82069141643072,10.891595407720668,45.83711978537633,22.71769880500791,41.18681741794817,25.81802806818623,70.04313617618241,13.139885381505138,43.11128825311207,26.62975071433287,80.99542043410818,13.119600009883888,172.3297709271155,2.2246441880300765,14.192922432541536,16.859234753543085,173.33794341115538,3.9001495903264995,17.825407111388273,20.349013857903202,2.696894929679987,0.7526825732257895,3.910387025013657,3.362411302119701
G1A-RTK-R1-Brest-012,G1A,RTK,34.5,346,165.15683876941605,11.25490056326601,50.82229156247385,37.423940692302374,162.31057961924787,14.400130328700834,89.40775870086134,48.00384987369195,50.3292327536277,36.24327338058737,103.88162031375415,35.91016125811339,41.367762346638045,29.592946308315177,97.16598644611348,40.97860320703768,176.87397922809396,2.8049918263577256,35.10794849841844,14.192134337011675,177.174243740563,2.3268142195147377,11.58857400680364,13.103676934480411,1.279005371159944,1.0727303145685791,3.937992949521821,3.249898675328851
G1A-RTK-R1-Brest-016,G1A,RTK,34.0,341,165.92899573872782,8.790422585687002,33.312256473531136,26.110984986735424,167.46437363265275,4.898842281419587,26.472126411301417,22.719263721289373,43.595843925451845,24.7429053657463,72.11415686996457,16.576897722250997,47.738582110806526,28.429408361660304,82.81218951415232,15.043402440871226,173.41505072998942,2.753211979041059,19.720232269851294,16.121458547507913,174.43239080583956,3.314887706005649,15.238656633207341,20.02062398853568,2.974000566759515,0.7723941818294279,3.6372374228471935,2.7396860015065565
G1A-RTK-R1-Brest-018,G1A,RTK,29.7,298,160.6829366264069,11.74869737082141,49.43413198903298,39.73521346447293,160.46581779798032,12.558641012248607,53.010980024336845,34.5502076299869,54.456386572913246,31.607972232824327,94.86311362427858,38.00103839366527,47.432500736669624,26.515566273082335,93.16223688985586,40.24040899384943,176.9918832554285,2.4691640714370844,35.10794849841844,10.955088898708219,176.67116750622716,2.078426324243153,12.32555424384745,11.767528954274312,1.3606179594818393,1.023238138591336,3.5751231501641954,3.2375983797836856
G1A-RTK-R1-Brest-019,G1A,RTK,28.4,285,164.42243402426897,8.067859230976522,33.738400310268815,29.284234531902214,165.74902404012042,5.66949551829527,33.109731460924166,28.40440163197669,59.12194810914056,21.846383615451607,86.72314822277822,25.606540752493522,63.110952177344785,25.04303793711009,91.91490789168321,26.24186141436264,174.37215495796377,2.0294912846322553,18.098711194533024,13.789567870358663,174.24955626983188,3.1134632944658005,16.851517637188806,18.0118682108862,2.9948419701503033,1.0026495597245775,4.413015342299552,3.312671682627788
G1A-RTK-R1-Brest-020,G1A,RTK,29.6,297,163.27531320949444,14.541360994954447,63.242129518797924,48.577810999138826,162.01547682165298,16.495338525033436,112.20012209204879,60.12460056016234,55.49622063060895,40.252436452157276,141.44620782033775,84.67861041974888,51.055934351533345,36.91714615901928,128.1838633554401,80.13356335554091,176.26589712018105,2.7412237858145554,23.553755812294668,16.243258873090184,175.96237230235764,2.878267447379736,23.355550953435113,20.20998277460314,1.504468610583668,1.1745307020058104,4.712651689788494,4.495612712581195
G1A-RTK-R1-Brest-024,G1A,RTK,30.0,301,167.81667111284085,6.877747583492383,27.54871072024389,25.736534860315885,165.89618114764812,6.771947987186554,31.62505521772482,29.04881868245996,55.202864303850426,28.411643160256972,88.25791523812585,14.575458421788865,57.43268634423281,28.12897770825218,87.58110742574262,15.363982469149256,173.9348084187865,2.0952808857681373,24.399738417588196,13.197491382203088,175.98773600316514,1.6986150215522395,13.226188276687992,12.977008876493192,1.2306505984444205,0.815977127327546,2.8865689529377265,2.4241703153373537
G1A-RTK-R1-Brest-032,G1A,RTK,28.5,286,162.02541040967887,8.410780567709116,36.10986578506137,32.448961848230596,158.3478884147441,15.170258937896767,65.3483828936183,34.52260350793553,55.3559811548891,29.744025961469205,87.78139536162641,24.270588443070004,51.632567777197245,25.010240698152227,90.43467203643115,28.94543568413434,177.13696291447434,1.808638225364795,10.801283021708286,7.944894516432182,177.81354756764415,1.5234288865525147,9.949584828008227,8.593873135710417,1.2705047730103347,1.0369777774095716,3.5015946023052877,2.3212049292472132
G1A-RTK-R1-Brest-055,G1A,RTK,32.5,326,165.74643583582372,9.091122042418673,36.57388574790508,39.45255347079018,164.3122674622356,11.66435411468947,57.55562236400779,42.38049670525192,62.108320189439894,41.67349824247961,118.10669901310702,42.79774284011813,50.263505026297736,35.70110948110606,118.60107917983811,47.18979921438554,176.30837875968868,2.0779075483604155,14.673970687784873,14.725238218940778,177.03448060907223,2.5426173404694508,22.374215367593564,15.82872721577586,1.4269583982911767,1.1152124601045152,5.1910279592309205,3.8202102354471306
G1A-RTK-R1-Brest-059,G1A,RTK,30.1,302,155.64196848209605,13.125143800904311,51.00906293444777,29.20489481550886,158.8781678997048,9.056500340636463,40.763233155398694,29.28768751763031,51.71233406031669,21.274296291772938,79.20261764656439,16.410733836540192,56.94932985984765,24.24349987913778,87.27789499504034,16.685927152721142,172.36519127413388,2.290274086552044,12.821547655008146,15.220070587793638,172.6639223806308,3.2210314722894724,15.631125499640945,17.32127211918914,2.5510552541046225,1.4136646106855244,5.257638771488913,2.8523683076764925
G1A-RTK-R1-Brest-073,G1A,RTK,33.7,338,164.50054399868895,14.105529827458588,65.6954507340633,45.33614528717963,163.81761385624492,16.352839762463088,136.56519339733475,44.822839904956204,52.911045371026695,43.108121580730526,122.09379201980832,42.48370319716854,43.88589946814625,36.222539475121486,122.11134505168658,40.06126077226138,177.0344938001993,2.326011668841501,18.636664754028345,15.441556132555561,176.47505867546346,2.595643142905987,19.430585276940263,17.075807368626926,1.5782844980516384,1.2045084745331684,4.910128487997123,3.9480888289738263
G1A-RTK-R1-Brest-079,G1A,RTK,29.4,295,165.82243374287447,6.508606573001759,33.71674915004027,31.666517288308324,168.7222382248384,7.406376095536383,34.030594661175826,32.72432798330501,60.274447261324624,32.75999665845447,98.47572329692026,30.133231405232117,56.052836580562754,29.03792240604219,92.92522502351899,30.707381887889206,174.70185130392082,1.9943299159036487,9.747459420148488,13.405267872181915,176.32626149582788,1.8088924397508768,13.73435592701071,14.631749549464407,1.167936859862457,0.8004509693150917,3.3632424623408745,2.6281956326992395
G1A-RTK-R1-Brest-089,G1A,RTK,33.5,336,168.56215149581956,8.86603877320429,36.28542585170922,39.876455890034734,165.3247516750431,11.327590466329049,38.679542114810005,36.859753612500356,60.3667683412066,44.12265475654392,130.44351735132918,59.55093250157304,44.37757019413205,32.10048952215905,120.1749947321979,53.31882322663163,177.58836607346683,2.6856865806613657,17.89193586259873,16.000833757427465,175.03160921839435,2.4611406380281498,19.118744645270368,18.05749911943989,1.8337308684066354,1.1201385841349296,5.2442468307749595,4.261193548896781
G1A-RTK-R1-Brest-094,G1A,RTK,29.9,300,159.0821263569431,11.116839105475393,42.471677706208055,32.30862354069777,163.07202368295188,7.2475845425932395,34.27906714940681,25.076228396674317,54.21090511853736,25.89887780641426,84.82326086208901,18.25301419186232,58.333762601422485,26.960886558804184,84.75918239272191,13.244494868051156,171.32097585389153,2.475841788194481,20.657753790022298,19.858511238781027,169.9267721542076,3.590940452400932,18.824854074447984,24.41613037767626,2.0795927672805288,1.4459564844308046,4.80936856011843,3.1797473149171527
G1A-RTK-R2-Brest-004,G1A,RTK,31.3,314,164.9950787150623,13.747628555736071,138.10002466239726,52.69462127639001,165.14747577799304,17.958439866603907,150.0682256675462,73.44280378611873,81.69355396736024,46.91663941609425,148.94590340701728,81.58181455545807,72.26161227982242,47.54908854598885,137.35108158229164,80.47076556756933,174.3146900278883,3.089774450895831,17.71150753198475,10.657427156436741,173.37074187721373,2.021163691311884,17.35902928487593,8.944279720500868,1.7721768282615153,0.8279568115609924,7.619136568377269,3.4745056043643925
G1A-RTK-R2-Brest-007,G1A,RTK,30.7,308,174.53598811798454,4.185883208730807,26.713640263238972,26.422089772692313,163.2923495454331,18.81787245856525,172.6251910520299,53.18476474656963,82.0185419155797,41.69277448803999,130.65319522046985,22.54174555951556,74.56702881288969,46.71825134544704,126.05123103824168,22.446415956553835,169.47099635777857,2.4286937978169485,10.00004078167595,4.6127998555526215,172.5570358942623,1.9648251190111183,13.49502646393077,6.116014725402618,2.621909807193507,0.9029888738431405,4.279616546977279,2.2172169327757123
G1A-RTK-R2-Brest-015,G1A,RTK,29.5,296,164.39631984440106,20.826345189312597,139.25674185737418,71.54912829285084,162.9824997996801,25.35460594607917,177.74593303347777,81.21158329320983,43.9878272264678,45.16209987335438,152.8293412283029,78.90332561304575,54.4829611568792,51.42252437956491,142.23169627220713,85.05877230227799,172.40085178966183,5.086168144140042,18.387099145908962,4.891554636752949,174.24339326987266,1.7840269313670092,8.226017312167812,5.3179880664438315,2.2012180192697754,1.53499766741635,5.527540151656193,2.4086524518462014
G1A-RTK-R2-Brest-035,G1A,RTK,33.4,335,141.7168352960445,38.4302019011658,154.69498146584118,98.60619203135843,138.21263387630245,47.075648048209416,152.83770940100746,103.66663397816878,79.45435751609487,51.760992392609666,144.13000375618233,42.51804664152934,72.91036256449914,50.132156770859595,142.5768359760494,25.87903566867852,174.76382363913862,4.010111213931712,14.457845037135684,8.45604612756519,174.65556046157846,1.9951973630771629,10.016153423043932,7.742965816298685,1.364142179110459,0.8517971595722414,3.5751231501641954,3.0602764283302664
G1A-RTK-R2-Brest-038,G1A,RTK,33.0,331,163.64704011735014,23.85355780248563,160.2061419997172,62.80657616029636,143.85882149924635,42.77670329366356,165.69700667483005,85.20049396905108,71.46469240226178,51.754530322389996,142.78060720685718,58.56848537526822,67.6412423523892,46.74143536550248,142.3681292979513,44.20767631849028,174.732123252224,4.914791285645012,16.43412398736274,9.565708602916763,175.22236175912332,1.7340899063264363,10.803441750712551,6.351338662668461,1.6260844444234812,0.8639634612071914,3.6518016519261787,3.299812476694764
G1A-RTK-R2-Brest-044,G1A,RTK,29.9,300,171.08163696819273,11.383768407794774,146.7965440621095,53.121192197325364,143.18125774446844,41.44336761501913,176.15595952411772,106.46474905905339,99.64552594892385,44.964613874530656,139.63510373997815,69.16241102918518,64.68478873847329,45.07407276914544,139.9390700879428,46.75437358523674,176.22161388273568,2.0134504481683395,9.654921463669211,10.060406778288796,174.1505484082018,2.251617868493361,31.983350474377005,10.85371368451936,1.2087731891462483,0.7168832171459786,3.3632424623408745,3.1253848756749814
G1A-RTK-R2-Brest-047,G1A,RTK,30.6,307,166.34990281037372,21.48429828814713,141.46468744945463,72.01475027001592,154.4746471253314,29.410130363303402,131.52362110825595,110.95987111629739,61.250621991783014,48.19478496437746,148.12674731597374,107.5867467595809,60.61606771304926,46.574801008388526,132.92379998232198,89.6469284593135,171.07136002662617,5.773108998750265,20.332791270789926,6.386507097554922,171.95181976873116,1.9527028123906773,9.09851052727376,5.44281427868531,2.3997803601581946,1.6260218498789545,6.624032634517538,2.7958296534622513
G1A-RTK-R2-Brest-067,G1A,RTK,32.2,323,146.75875272191004,40.000217607603545,147.9178234272962,93.2568071777208,141.60613705189823,42.491532848860224,155.28894590633902,103.8938433567591,76.4355780157965,56.43320505130854,162.12377080560648,100.70463993345392,64.44387562576753,50.27013843274774,144.30253898155593,30.679991498238493,174.77024779986436,5.470861855638791,18.249925420286104,11.346032748908325,174.0764343801121,3.338788188598144,35.0963409637728,10.80895719261013,1.7647898752044822,1.04689652885983,4.151285266421729,3.6624718051564527
G1A-RTK-R2-Brest-082,G1A,RTK,32.6,327,151.14964759754693,33.79078943877638,174.42837037919884,114.96013502102038,151.69905917974683,33.41226049111467,178.4206062499653,120.28559501917704,58.497669327164,52.433198772898166,146.1087763093587,75.245538227231,52.39385010176095,47.70184007850207,142.73291121088351,109.03752383972872,171.2707628075177,5.866701119843077,19.860472424476654,5.59216477736579,173.20973374588615,1.320757602060092,6.995425757769141,6.370144689543459,2.576222098032294,1.9048577629951058,6.6312693846509445,2.5817315923769764
G1A-RTK-R2-Brest-085,G1A,RTK,35.7,358,162.69340255878106,23.151618297259343,133.64893491728034,70.65303558864899,141.20056747292648,45.19776648892066,169.98197887733073,103.83271539564083,83.22560129819729,55.17243072353069,156.15702365303025,101.17689004190339,70.90069367518558,46.0527259786435,145.42571738514906,28.946785544720317,174.040317913109,5.188736260174455,17.98199860058338,8.872809901357616,174.82998702068596,2.118680039816841,15.427213128437302,6.435415751971227,1.282807664981778,0.7678530987680916,3.339677834569621,3.1826188894837455
G1A-RTK-R2-Brest-092,G1A,RTK,31.6,317,164.73402933048996,13.578622542349443,61.75278859311119,55.276438013510315,168.25718626496035,11.712581208194598,142.49630042009704,73.40096355191794,68.99365597276179,49.05229910143625,147.1681444846445,89.52770669955193,91.30706498383596,49.104970876257724,158.14338251810796,105.07835853728601,175.35711401051142,2.9582351810405534,27.81623516087157,12.758477275573245,174.6235504673335,2.659919450988562,31.841023963735722,13.49024099638762,1.436267327250546,0.8519818288173232,3.3967965244928826,3.482649934836008
G1A-RTK-R2-Brest-093,G1A,RTK,28.6,287,171.6708949668565,6.65934909396373,31.264711074254706,33.053358977092216,169.361686012932,11.074863775529991,166.48224253973655,41.92178832240045,78.06683666970173,38.13820404371532,127.40689229989584,23.136523640510767,73.1680097112747,40.95299391169053,115.36531227705996,21.516905459645898,172.06520977453366,1.6657392241377345,6.835712339526964,4.901447578786161,172.63338461930024,1.615206340142382,8.246917026675106,4.089501736783551,3.0078824446132786,0.5900735480953746,3.094599346083865,2.404081446384632
G1A-RTK-R2-Brest-097,G1A,RTK,30.8,309,169.17939375640563,11.946119790883591,56.59578598061691,29.647649554731377,170.22150188817113,9.595480024089388,83.01786229897074,44.023894226305345,84.22064385079196,43.56077968689137,166.60947349770024,21.845465720757147,78.2383147149584,44.17960675487713,124.32584742208073,22.201254051414942,169.48908776076902,2.014359090688568,8.097007670000778,4.692785178593614,171.06777557197918,2.202325095246749,8.690502772054401,4.933754236186266,2.6917043740558433,0.6139745449389724,3.5534524643538035,2.8992463150155237
G1A-RTK-R3-Brest-009,G1A,RTK,29.7,298,163.3313957012027,8.715218399807952,42.53465651886788,34.2310038399484,166.54615788369486,7.97704151300727,36.628172022452134,30.138655163771002,62.85761569621873,26.526576701583362,102.06736355071314,41.59252252704941,75.61894993077243,25.272535477461552,91.49406941898337,16.781608235504823,175.93479219838153,1.6701560228893397,7.260707240732728,4.067638164997821,177.9051508872026,1.1981802050299197,5.043234173890625,6.317264838941913,1.0088804738937422,0.6676842960791621,3.145707438905299,2.6907784508100545
G1A-RTK-R3-Brest-029,G1A,RTK,31.3,314,167.65771635447857,8.108833628987638,60.659473873998635,35.69020693320673,171.76859658898567,6.359451768123739,31.214530442923973,30.35495890469101,64.75623594936724,32.04114779823753,120.08044726827717,40.41406472483435,69.2627002977609,30.046224166987944,106.18707294495286,37.18405444219657,168.63868221180837,2.829308432502376,14.828506332430692,9.305021512711722,172.9346014304678,3.1357337338471436,18.29590209780787,11.687010489797888,1.932161845217245,1.1657072808646234,4.669608431350501,3.432206943547068
G1A-RTK-R3-Brest-033,G1A,RTK,29.1,292,129.2432101489893,38.152903943668534,134.69996442084232,49.476258977552476,128.25205387500188,49.282526385690005,123.87467483924038,48.00841882321234,43.84498173288105,31.291109881959137,120.07877524786352,38.30726492041167,32.54814533312268,39.36886267139005,108.7930158901147,33.36806557446345,172.73821316411662,1.3900714837881032,10.056752253186744,5.493598531854866,174.77868373077646,3.34637474601428,20.149915722492466,7.810292349840796,1.7155804728691044,1.29402737160724,4.712651689788417,3.3096978653104667
G1A-RTK-R3-Brest-036,G1A,RTK,28.8,289,150.30590368990454,24.330465146711347,129.5357778500259,55.75387568419052,166.1828051502508,20.885005318558864,131.1311383066466,41.28716365072372,54.96295895383736,31.84505826783565,122.07577326378448,42.92930526923762,57.20083808815572,36.87570890908927,127.33294018721134,42.51898399375779,172.76880161701922,2.8006680578532444,14.78643831304592,7.61336020212484,175.37474790526372,3.3275734609595844,14.336804774953663,8.902507015782785,2.550990898027036,2.0176429135352913,7.416159040351491,3.9134111044672193
G1A-RTK-R3-Brest-039,G1A,RTK,31.1,312,161.6062774354221,19.953723143223925,161.1570810710042,54.580090283688364,164.35470307792895,8.795025158541968,34.71096407472558,24.895410683522453,53.35372765737686,30.186580767761903,95.7631373468856,37.45938586385121,68.41613730832572,27.42410770155709,90.17733549570009,14.569334959661388,175.7248739428665,1.441348032369398,8.497024251717278,5.686236565907934,177.89829952383093,1.710423573401401,11.521144699371774,5.377537157678601,1.1147514325957946,0.8354846719166766,4.765360323502432,2.2227630828372495
G1A-RTK-R3-Brest-046,G1A,RTK,29.6,297,163.77703212688888,11.212861307530622,61.06880301516017,33.69972283125641,168.47177377601486,7.1334974061935785,30.57784623280756,32.5399138561836,57.64558625710849,34.1088486250079,100.07642326326174,29.48106240908846,75.00867546341267,30.503975974204053,106.18032846990603,27.00689737104303,173.17628721964581,2.628924763015367,28.701926515133522,6.048318235546666,177.31421255301623,1.78271661899825,11.957702803073687,6.42707022228495,0.9156910491582608,0.8882407630024943,3.7455176649968935,2.3834786222106237
G1A-RTK-R3-Brest-057,G1A,RTK,29.9,300,159.94802785737386,15.555684960334714,114.53860978836958,38.667245154764984,169.012500997862,5.60912556328254,27.364111925456257,23.253199609990737,59.55930639648485,26.283140536330567,102.56266521023885,18.27986299716293,61.00130006044866,24.235903219073744,97.24869896503904,23.76105049331516,167.3592217448084,1.643318453679337,8.387411217414183,5.786819112829386,172.7744615983155,1.729850509931262,17.34385712365983,6.171164674723849,2.432399758840269,1.1431357325843554,5.298565069899948,2.970505849052898
G1A-RTK-R3-Brest-061,G1A,RTK,30.4,305,146.04476463031833,27.98310392013574,115.782188178903,70.98818063758073,164.98863881612485,27.842369050118574,117.725248649452,29.149341975003253,60.211060473637495,25.337707071056958,105.20412720780433,44.15365413089566,61.31947206394225,33.419515691727796,112.55906853553718,43.45531439204855,172.93310408596224,2.2637951749626355,18.21571433297808,8.79842271951908,174.99740675553417,2.6820557927454685,15.399640820208703,9.785593674386288,1.9828915187659315,1.5928572429602885,8.801708323207812,4.3681990469467165
G1A-RTK-R3-Brest-066,G1A,RTK,29.5,296,163.48698153053365,12.354294648864947,104.46325264165553,48.40369259180143,169.17196678917642,6.499012874135266,26.110332315384824,26.27462711672571,62.60596051005573,34.01966288597124,107.03479364606535,63.36060851158365,80.47764018608316,25.52366612743297,96.06902573411061,25.259088928501146,175.5088868083828,1.6575989463839254,8.495821391524998,5.960427814555175,174.18808221506671,1.5510426237107902,10.041350151750976,7.089418756570659,0.5672966016450464,0.3987820702798597,1.6504083112690906,2.2040459892633404
G1A-RTK-R3-Brest-078,G1A,RTK,29.1,292,138.81964988703828,27.909677219563594,119.86582598268564,75.65594238951397,133.63133790300787,52.0554606046491,163.47241320065405,75.73777872036108,51.80462489071533,29.080209656043,120.05111870820332,56.38800495589402,36.257303730017064,39.40452721325379,111.63950698389304,69.61025359648409,172.0824673199141,1.4845272092195658,9.378651181920105,5.837291793920577,175.60757071894557,2.949989473912358,20.11397632839902,8.979354696369741,1.6052978393297532,1.2666231259674356,4.672891578450404,3.5945932678225527
G1A-RTK-R3-Brest-083,G1A,RTK,30.1,302,159.6919242633279,19.738759591034015,154.13367939978554,30.734476601646744,166.1392918388011,8.976532755305303,49.36688026318623,23.529187887734032,50.556060807299474,21.482823575644655,78.25102565328048,19.054012622774906,49.99866593758035,22.16828354432443,88.17025149253024,14.613084188683555,168.10860391919633,2.0726513722416495,9.973478723108656,7.115746254117622,173.187356604783,2.108534833942579,10.594568383548534,5.777616507876619,2.5051226586283053,1.050182012217725,6.050235822898811,2.508333836680892
G1A-RTK-R3-Brest-100,G1A,RTK,28.7,288,166.72040666797463,7.79463496185179,61.105218026280525,26.324044916375367,169.06658954097261,4.758847334087015,20.89559467638162,19.93602990983815,57.79580410800758,26.718997002828846,95.78922536814511,13.357380241768153,64.17285621640352,24.851378341352,86.9380923720216,12.342484112772693,168.37949079885237,1.8463611647120797,9.031189604737648,5.7515937760839275,174.31223556128117,1.351588029902604,7.577793154034765,5.7829480291211945,2.6542130844081324,1.397247181823961,5.298565069899948,2.5090635360084206
G1A-RTK-R3-Brest-101,G1A,RTK,32.4,325,158.3498505754126,15.21260002115147,110.5264035097453,42.16136723638287,168.00411757033595,6.885127881465703,30.71849653366408,25.338026648198714,51.4498239745167,24.56030077277235,85.1529432447554,19.46465376069149,55.58304420034033,25.304026763205606,90.78589741280004,14.691683543535117,168.6865375694363,2.4578978617164764,14.447544016033788,6.593515993761963,174.22301485256557,1.1616140855235972,7.037221039314431,5.083075424528738,2.3739137269956836,1.0259760652009033,4.878679713978634,2.7401624326535083
G1A-RTK-R4-Roscoff-003,G1A,RTK,46.9,470,158.58374042341265,25.678004206097842,136.77214811868407,52.73058890020664,146.93482017292004,44.83206128501478,180.0,66.40946425483585,61.43713187984974,46.07920746971397,154.59846018258463,37.72456351395174,41.94674774176836,40.775075409203566,161.89105794011604,37.56382357575602,153.6256467634196,4.2226718245255,18.53752038866108,6.438260037747542,152.1351745156986,2.8047556409171337,13.002980801998973,6.533602367822765,2.1175297998372,1.005240575683104,6.823964786465928,2.980216583124866
G1A-RTK-R4-Roscoff-014,G1A,RTK,44.9,450,,,,,169.26227327661078,1.2870648163428198,8.284606394760573,6.7029397577236,,,,,12.355596396053874,0.6805346836834292,4.305723765687494,3.6420327606226435,175.17253986504923,1.2213617965339403,4.4776073900513325,12.62817241280942,178.08757464239972,0.8513150474610856,4.185772773395257,5.786695581061817,1.0328836310530896,0.3539364024496735,2.42767597925945,2.528206368922077
G1A-RTK-R4-Roscoff-017,G1A,RTK,46.7,468,,,,,169.61100141705637,1.4790730747812997,7.070223360765937,5.69384877179086,,,,,12.347514160297465,1.0685784392864264,10.878281775706785,3.5255636500941296,176.3387757590507,1.068879233407076,3.157036466165124,31.57036466165124,178.0972865576433,0.975404483688894,4.433337014849769,5.340686035584094,0.9963558043006957,0.50292368103043,4.988506232888547,2.869694558103115
G1A-RTK-R4-Roscoff-022,G1A,RTK,49.9,500,145.42460320208986,31.261983186725892,155.5796706808799,71.62379634569058,146.5985003449574,42.29524904710256,177.42611395135899,112.00968813401411,69.2285087529369,45.12331420588783,146.8237655459734,60.40616486793717,60.082417308508134,46.16532408449696,132.68180888219382,57.04484366799107,154.53254354275833,12.351448452247658,41.48758006476274,58.547821748578656,156.73154128066187,11.362071681372523,37.45601494898847,55.26366986764117,1.25542198312336,1.0417236172680486,3.8586803367721045,6.000200828252149
G1A-RTK-R4-Roscoff-031,G1A,RTK,49.3,494,154.7659715904732,42.15364684418186,156.94283415350833,45.97293758618579,166.0164623607088,18.26310594925643,142.02609773947438,45.888163150889426,57.36643500680971,54.257778399796585,178.32165846102032,32.475957350509006,51.29451814885178,42.898948364418004,134.5962613028813,31.813675511498673,155.3012396100166,5.141964149304731,28.390132350309017,8.46601732996341,152.4524885663261,2.462137373355256,11.43552773279626,6.87196707026256,1.634879972420619,1.0440787198674601,4.574641454223269,2.330629255272783
G1A-RTK-R4-Roscoff-051,G1A,RTK,47.8,479,142.8111657562645,49.67073544833114,170.98960143442343,104.68692944077662,120.8517086420425,66.92075021741358,180.0,97.79078242540831,86.5162597617162,45.90299432516897,176.94706870597798,88.74607831069864,58.6995112141279,44.32842930397345,136.12809675005929,71.69346335837179,153.58335690936002,6.816403577855513,26.23131009993631,9.24810893340822,154.81518331196867,3.460961704360378,13.907200050193893,6.6241070907557384,1.4040151126326692,1.0241562358301532,4.285904479437341,3.055250593182486
G1A-RTK-R4-Roscoff-065,G1A,RTK,40.5,406,160.62553735526927,21.89977987607055,150.64833740115253,49.55604966205083,152.81340581736558,31.54118323936724,134.02213523365802,69.5961060307021,69.4164573699775,51.59730655037448,175.54181913423295,45.65889320176677,49.237966457267994,41.69277284598848,145.66234493573245,26.252520911371974,155.3567239727365,6.254832913895586,21.361848190474063,6.8015345048893,151.87972012098166,2.606317834235957,12.561125155425628,5.680456848724919,2.1874382906673424,1.1978471393693495,6.050235822898751,2.9598423646416814
G1A-RTK-R4-Roscoff-080,G1A,RTK,49.6,497,148.79999662555036,24.439687431309064,157.5235022081835,71.77196167455881,139.80508285293413,45.788136070758334,177.70738244121785,142.52612294308324,70.17380734804863,52.7842917712906,151.70780875916304,44.38933707150912,56.25777987918622,44.65258462699026,126.20949868061086,44.645239251225355,148.62642681263048,9.573908438106821,41.955187891541954,31.76854241973698,153.75269082542212,6.617055773718601,33.686568340857036,24.84120915713817,0.7186279303571698,0.8294566383777953,3.3818014119539974,4.783941851365782
G1A-RTK-R4-Roscoff-081,G1A,RTK,44.0,441,,,,,169.55560644312598,1.1291769860153338,5.936558849513574,5.969001073908665,,,,,12.16620812338384,0.6881121685344888,3.9192228985042696,3.2824903723875005,175.96535339833065,0.8206137954548278,3.0705950725726154,11.80205993332379,177.828623333794,1.0343443958348608,4.403114304105998,5.762637059479431,1.0543345766194396,0.4001705151445829,2.5174762872760446,2.5875584098592435
G1A-RTK-R4-Roscoff-086,G1A,RTK,42.1,422,142.18502625522376,41.43776705152602,178.4779368842849,70.5124791486987,147.19435144638072,32.89444790656087,153.68098871376452,89.36866738487709,80.22885456604936,42.6204267051833,148.56525296065595,60.86654935090462,75.54772965212256,35.55310406490821,139.53043538041953,66.75875779388429,153.0055879979208,4.555955319744532,20.336639663707814,8.907397242797114,152.61194861165208,2.3689427879253557,10.3770518254791,6.614899153850965,1.733599039485964,1.2103709593651673,4.574641454223269,2.975510593097529
G1A-RTK-R4-Roscoff-087,G1A,RTK,45.8,459,,,,,169.59866267728182,1.1931935176244681,6.579795497220289,6.745205451836989,,,,,12.186408474603597,0.7174544751079371,4.171835178898487,3.275356443893516,176.24956017000278,1.1587235778737448,5.91815034030563,13.618281760733662,177.75680372982143,0.9232494633225559,5.197747134002896,6.421709496996526,0.8759721415092792,0.3844686884547907,2.236220249294337,2.713433610740512
G1A-RTK-R4-Roscoff-090,G1A,RTK,39.8,399,155.83552312207766,24.0010050434822,107.28266133583901,59.31084425685519,154.75439638509428,20.35508927749671,141.26061133321258,66.72771023902217,73.40319934544884,53.29889018620586,178.59959681160876,50.94651452802786,50.11122684673115,40.934141409748825,148.7930890862159,30.41714744629965,155.48474962789197,6.289699450571424,23.207087569410817,7.513568330131242,154.05773582109623,3.1450843936863717,14.260915391730975,6.039211540750168,2.180386521736964,1.1960564288271824,6.4032571329648516,2.5147000696872905
G1A-RTK-R4-Roscoff-091,G1A,RTK,46.0,461,,,,,169.5166907134638,1.0599944393874847,9.683337527717612,5.110753805789097,,,,,12.209179126447065,0.7235376555864178,4.7944539110004065,3.1880474373651047,175.71740453828315,0.5765722873728636,1.2111154649977038,1.2245260110663025,177.91452530106963,0.927378705136946,4.195841315715825,5.43467646496861,1.3184939767534265,0.41879223033214574,2.8331386875335873,2.8490199127951414
G1A-RTK-R4-Roscoff-096,G1A,RTK,39.8,399,163.9875881181951,21.06666108983872,161.58838578400184,65.41936769257748,143.2480553830602,45.65950994264083,177.73885314329746,56.951101247581505,61.81557381083193,41.06313735895925,163.98592345310465,53.26458601736513,45.745276868042545,40.0695983654429,157.1889750732799,25.22386311060954,156.79401832565884,7.370330243649614,25.639299252977253,7.511626843984828,151.09201544624443,2.466889749848591,11.555537626992816,5.806909271082391,2.5593678375426947,1.616068219165572,6.541125253973107,2.7270981616239327
G1A-RTK-R5-Roscoff-008,G1A,RTK,43.0,431,167.58445918464264,7.453879271980709,87.87512084763725,38.286420828648914,158.50802120569992,16.44326778700924,148.4090757969816,37.58910645167149,68.25779203547056,43.946155648844794,147.78863248562146,27.419629493874606,48.19676935712961,27.507191674011587,105.40305580633745,22.36487229082217,168.93000494736148,4.439964256672428,16.546461400126958,6.791515721085787,164.59496531422403,3.3532729552538436,16.48902792688378,9.370364729911016,1.8962166378017855,1.6636808280408872,8.086054098745484,3.3021662142258483
G1A-RTK-R5-Roscoff-023,G1A,RTK,39.6,397,134.36440041550543,48.30299686046043,165.1513958797668,39.81083887895463,156.91819761652658,9.211903669679808,58.27358463735197,30.24729035910948,51.732468762456755,35.59434074635961,105.4153350776225,22.44603141313118,49.97385433582963,34.034055648384154,98.32713980493858,16.223725963628816,144.37128277512244,3.144869502340798,16.408176251397748,12.571785911951858,148.14108081276743,5.178292916077981,21.00498109070699,8.41041747900546,1.7714403935845258,0.635804289451783,3.235396499697935,1.7339228349015732
G1A-RTK-R5-Roscoff-028,G1A,RTK,46.0,461,151.96017002327096,19.3920746076648,134.76915965740255,28.37045585758478,152.0723339125716,10.308788109147144,65.52747574655555,32.03197566682857,56.65387800126383,29.80574014754259,164.74254703107948,32.244802451204905,45.25669033616276,22.567480303735497,75.27313052745379,13.28961452800428,149.605403782844,2.498244553473842,11.610580378769384,7.598197970449575,154.06711306469964,2.5785528808894247,11.80393907589098,7.912511289124291,0.7505789847557371,0.4825409800578873,2.8865689529377265,1.7966529072771387
G1A-RTK-R5-Roscoff-034,G1A,RTK,44.0,441,158.7335351767006,23.585791435736994,146.57592768240278,55.15969401759694,155.1960135094649,18.027279409046262,121.74032378696234,63.2603756776745,73.4075981954132,42.17871467071525,161.8277651973907,19.68561691434267,63.379946928852995,37.25286058459987,110.71444611332629,24.431191159061836,157.64219501110162,2.7979707405906424,12.989703262201687,10.378463359248952,146.83077151299597,2.125679907176483,10.105170510978212,9.654766078211585,0.9437770207959969,0.7944105733671812,3.3522044359277237,2.480691778768986
G1A-RTK-R5-Roscoff-041,G1A,RTK,42.7,428,146.70140184379696,40.79416206240051,163.77843377747325,53.459545074517145,145.03113225678575,25.49602461087952,142.1284360629025,47.56394240134037,62.73922315547484,34.03460281056151,117.46432356610785,34.07651055154887,46.54528032901055,14.907301094728803,72.53814919967226,21.08930157554388,161.86351235139458,5.251917418047727,21.238542765321966,8.845926600983127,152.07847837032273,3.7965638981314243,17.29827338720139,7.714275307498153,0.5709031388459337,0.4940251133066028,2.062689580051655,2.0289952609584065
G1A-RTK-R5-Roscoff-053,G1A,RTK,47.5,476,155.33170405648804,15.830131301655046,73.34658652286052,28.70735572437686,161.73655556662663,13.01340993690804,126.38203161486834,36.72522862001855,66.79201854483145,29.814878840939127,98.2692597672226,19.622696797639893,48.48998669627954,35.086651591620004,109.97939771193087,18.92273452886784,149.5792898746539,2.6537701236476727,15.246375298529387,11.321527358701275,156.71685175246944,1.937613545888468,11.609009761163975,8.781306562896843,0.8335593486123601,0.5896865312509998,2.9730129222650232,1.7870089474524913
G1A-RTK-R5-Roscoff-054,G1A,RTK,40.3,404,156.50591254795407,15.40943158549859,106.85393804296108,34.50417721163782,151.81123778545444,16.761810208171603,90.88894901220155,38.13717403700132,65.02312199384171,31.85628540246387,130.869595234803,30.0148966345642,50.324577123313496,27.443233306074255,91.04405289059089,17.539150744765184,150.45293677107122,3.469873493169967,16.231925375091464,8.405370055479684,153.0032115911501,2.647513695676404,13.774072621087441,7.641227201283668,0.677302853704049,0.5632253648524634,2.8316770409675964,1.9958035315987535
G1A-RTK-R5-Roscoff-058,G1A,RTK,39.0,391,165.8731212111503,9.714845915354847,55.78924364904147,42.062154002599584,154.23426508386063,11.30376145594043,56.97642697791443,38.96668163896321,82.57333007551131,36.356212800414504,124.83965597242349,29.836029967032292,64.6377765474257,22.82568617560425,88.88033564583424,19.305740590710887,155.38749551833843,3.7408324058509583,17.641299410363928,8.517491446711894,156.3053580088996,4.274591404112696,20.55692689838355,8.277071948099453,0.565914126105751,0.4783325085126686,2.404800391158875,2.149991959135738
G1A-RTK-R5-Roscoff-060,G1A,RTK,39.6,397,159.41992457201363,15.217086629092849,92.01236994588832,38.535768543040575,148.0093526694655,20.727237612539547,101.95673478195474,43.86975479886387,81.606235231478,36.448565830821124,163.7168267811766,43.25613251045387,60.58900842252035,19.739813299704284,87.9731012585414,24.118405414140902,148.93377953184972,3.4645072980378573,17.967639683117284,8.86408924724226,158.68645711875885,3.5598792174049025,17.566720796688372,7.4090344976120175,0.9920536300348511,0.7805782212760229,3.3632424623408745,1.9911457024831787
G1A-RTK-R5-Roscoff-064,G1A,RTK,39.5,396,164.89354650846576,18.642538365463043,132.83374323995767,33.64591817607846,161.33204636337072,11.573552679540889,69.6467708519312,48.746358002492364,77.95214116843813,40.789514682276966,167.90276284188027,24.812207781019172,70.01338419598298,38.535185952630236,124.61215376216423,22.71042079671403,156.77846281755555,3.158883128404728,14.970944552867195,11.422292880467204,146.45977051221976,2.4517988830361563,10.782303796526264,8.412123493541865,1.1344778095522483,0.7621112884530106,4.426971647479412,2.4898396354348886
G1A-RTK-R5-Roscoff-076,G1A,RTK,48.3,484,154.4831658456401,8.048625743300486,52.39702621572701,26.717464974872193,155.90051943234315,9.53502662806293,61.10318377504123,28.355624629160552,48.47845356620849,42.51209740419367,129.1996874055833,14.927042942055381,46.65618778212268,38.41526950730032,112.90574067349812,14.815405004771042,141.65158422104483,4.041445038640963,29.439978060219318,12.293118211327478,148.63736026219968,6.106648924120002,25.731404030900507,8.417350842408839,1.5281505142726945,0.6395034381842103,3.235396499697935,1.9580930548049738
G1A-RTK-R5-Roscoff-088,G1A,RTK,40.2,403,154.62990693881537,21.263698918646682,172.89043980914923,57.288602991674864,148.66899190478514,23.010621565824636,106.6968601873449,44.03538150149353,61.64152560207035,31.78878781162188,118.13647617340287,34.224337285561376,49.11448752242153,22.5937514592781,78.54679775548169,24.59332907854071,161.66830175874455,6.300653336358865,22.37733032863099,9.672289576795782,148.25620560922437,5.414371340605282,21.29804416304964,10.333810609895284,0.8490427647931456,0.7114242753159713,3.2664390376336145,1.8042540738424457
G1A-RTK-R5-Roscoff-098,G1A,RTK,39.9,400,157.4522836114814,29.014015476853437,153.54612490877423,34.397798295808215,157.70530295515113,15.604843506162366,93.21866503840698,54.03739679661548,73.36869306526411,48.62309522619215,131.43080281984112,15.752941897577909,63.06601030495428,39.050645727391846,111.33075742826905,23.902437733065618,153.9877106774937,3.1903912997598667,15.50162646815727,8.992563874866745,146.83919948708686,2.3089452916625124,11.07687004919589,12.107693497285997,1.1158179990094086,0.9080309541439191,4.167700687835977,2.601741699779336
G1A-RTK-R5-Roscoff-099,G1A,RTK,47.5,476,153.32704829076553,8.538504654720722,87.2829231862006,31.34168253982468,152.28433581212363,8.912982489408948,63.61413021172214,23.443730204178863,46.46602428414334,40.35832836537537,116.23537598200622,15.991263739045795,42.5517703573173,34.059274324374954,99.78362470382322,11.894253158092026,141.92681927993073,3.6793011624697685,17.4606165604784,12.594918671438187,147.39553479052285,2.4664777377980376,15.002388838196993,9.061433565567548,1.3004761313387085,0.5564430656451024,2.600851216759187,1.6118515291314823
G1A-RTK-R6-Roscoff-001,G1A,RTK,41.4,415,143.88292626074815,35.45983603373277,141.19555150593925,119.9168093558439,144.5499621380023,47.217975793169536,149.9265941540044,141.48796602133842,51.30396222359192,37.903999524107356,118.45010487387317,80.72919140779234,49.64144409710318,37.26055082966093,124.86904457722548,79.8448121802476,171.14821260886083,6.8003606004070924,32.60581020779625,32.75835128382295,167.66381887446275,7.344086180960088,35.88889388380343,31.580404480128465,4.3908811241658094,1.2631886218946613,5.623658070561923,4.149665028063607
G1A-RTK-R6-Roscoff-002,G1A,RTK,43.3,434,125.56321869148712,47.977414736841695,177.95243952616283,148.51508940527785,115.89523359559169,56.19268313065707,177.6650751888089,216.76351740846744,38.02345528896291,27.089303519423673,116.6478973724,74.02887688606525,54.805771863331515,27.744116123385435,119.95556745125299,65.41272216841931,174.15905486853111,3.87729276585524,27.623720536957848,16.025037433014642,167.49820608784052,4.750201304923953,29.764376801015572,13.739605573301187,4.732169053754681,1.0985054528216829,6.13412058302067,4.3505414489921375
G1A-RTK-R6-Roscoff-011,G1A,RTK,40.7,408,158.70702874552347,11.414625177535507,66.18685719609442,39.1485792931686,168.01558816655006,8.846345339499218,75.58859655943401,26.10560697847092,54.52629151467111,45.70208627120814,148.5882424575772,27.22776302773012,23.405085500045846,21.313705005805705,139.68630207337586,28.771953494047832,177.61729711344466,1.8286640276500699,6.537700846907711,5.625403212659702,160.57283023646372,3.9764954656021962,15.361901119894668,5.87253879536922,1.3180549754077753,1.2596423136744863,4.672891578450404,2.4043328771384305
G1A-RTK-R6-Roscoff-013,G1A,RTK,41.2,413,125.35470631879254,39.40091626199431,175.191933222671,113.41853424279783,129.23862499497582,55.561616529756805,177.87413532954028,146.74524287752268,40.7949772383364,34.016845971479654,136.78278701397196,75.29825707851262,46.27159614578816,31.332520149176972,107.68742452458592,38.60281749295361,170.85431328179652,1.9648010923383574,11.536510160241534,8.776538044920942,163.64843865807185,2.93817063733392,13.79383569018944,6.979562576702339,3.8978748630148567,1.8118952766931924,7.919754489913184,3.684023034579008
G1A-RTK-R6-Roscoff-027,G1A,RTK,42.9,430,156.75458067559418,10.308848469797791,60.200368105445264,31.314921322680455,161.52679589075132,28.91839863553891,179.48261769986934,38.620110195827515,37.953130206683475,35.138857606070395,99.10847440104443,15.054827274719285,19.7648805743993,20.117928245151287,115.36775805558356,47.2996315860777,177.5907959361342,1.4340903290116618,6.177439482358778,4.448112059053447,160.80300655944959,2.0374591165689933,8.745178209725651,5.018632590969676,1.3421552159388364,1.4176998897530544,5.696752834595919,1.9659971965545031
G1A-RTK-R6-Roscoff-037,G1A,RTK,40.8,409,152.07809205944068,33.39653081647275,178.13278670590176,64.99527925456387,122.57034164693775,47.91631917817293,174.0468190805302,146.34006568211655,46.14869879866785,35.61286972926281,116.81362132913746,43.72492037762909,56.377228479694594,33.66386017166875,123.63823555389641,71.76951030911329,168.5327436311702,4.4838587565135,26.09360980285993,12.872014157719839,165.15556023147113,4.745271900011725,27.805142562070728,13.961819555365238,1.5658731046201564,0.9337911155085471,4.160297739339966,3.9702738654739687
G1A-RTK-R6-Roscoff-040,G1A,RTK,39.1,392,158.23897910016248,6.714103955010965,66.53393421029286,38.11370429029294,150.42796438900513,32.086920338549824,139.91515595674736,121.06197236161017,43.204488614551316,35.910738150843535,130.5496802245078,51.88559527967178,49.26221251476969,39.07491341590381,142.79466778524935,75.00901904435034,168.01649055087876,3.953325078266513,28.400581344991053,15.171025685407153,164.57348372655474,4.652414340496117,33.115802842149265,16.311899160374622,1.6433979347354621,1.1428523413044043,4.243202757619052,3.708168742723873
G1A-RTK-R6-Roscoff-045,G1A,RTK,41.6,417,112.1168995238623,42.93384967673295,175.95010725625647,134.92224684902627,122.86145081862368,61.09314748619156,180.0,192.34389372272324,47.05358577370442,29.419662363306305,123.26363399949409,89.8027129267906,50.19363652083457,28.208594480978842,106.64790061584488,49.75453283555545,176.2528340509549,1.7976793950121253,10.574406909290218,9.185719898709316,165.01709822313836,3.667364284511949,15.34128479165085,8.349272882268972,4.399538830513476,1.481260788676992,8.086054098745484,4.226476637728892
G1A-RTK-R6-Roscoff-048,G1A,RTK,41.0,411,159.480951464198,13.179640054114454,70.90453363427447,30.63460543051677,160.76887520145155,19.79771243583475,101.43912228780717,39.630274052359745,47.270593601862814,43.89296153387766,129.6036841315842,17.84202772740636,35.99247401330223,41.646942913600085,163.46048562304765,52.48643177946485,177.49593928781695,2.065123191314383,15.979835456984205,5.7456404631592015,160.26280729526326,2.7759152035818127,24.27460851079806,5.419511092031032,1.7619176834569232,1.7440642315906272,6.000186535008925,2.4501611584767633
G1A-RTK-R6-Roscoff-056,G1A,RTK,45.2,453,146.62424079761382,35.22588217107113,142.47984924133723,117.41792849179905,140.93173346379038,50.905194985049,157.39149948043175,117.89757957959995,53.04295022845826,39.116771044679844,122.11249687825637,66.30345495015274,51.27485386086631,38.75087586654337,124.9438306659478,66.79349750520967,169.16634304447814,7.463219620092243,30.844243855014554,30.461618971771756,165.47451687976536,8.273499764017318,30.062897609607234,27.3405651582365,4.690311609941381,1.3065588016797625,7.006228975015916,4.290111036744858
G1A-RTK-R6-Roscoff-068,G1A,RTK,39.1,392,162.46396607998454,10.74904762405358,62.24716413404552,35.3137379865405,161.3568780146121,19.914407582587586,102.83791292692091,36.4680353797872,50.146677467126985,46.4441780633643,129.01427021279017,20.285762388256515,26.24508070160882,29.091893982761594,149.03554959293936,49.54983094811614,178.16572319516723,0.963605985195091,4.878755825189984,4.568341558680828,159.8375403305594,4.936077928329124,19.833915531956194,5.922751632754638,1.7428666024639947,1.675217275119507,5.649588284580435,2.4661330920328077
G1A-RTK-R6-Roscoff-069,G1A,RTK,43.3,434,106.68610921902035,42.841575885444215,174.41379709653037,129.25626974923628,107.70700859497207,69.8455713044247,179.6836137549894,195.9484996833271,40.86785404517523,30.860175812698692,110.97218090886778,61.61791339919209,53.816199477614376,25.74450398954012,92.15494755829336,40.17400174739451,175.29353352801195,1.8372064205319656,9.91689522977478,8.599406340432344,167.43420802619121,2.9611800883335997,15.253283647123283,7.236473344600684,4.653425323807467,0.8654925893222386,6.3568347863802215,3.453224485947108
G1A-RTK-R6-Roscoff-070,G1A,RTK,39.8,399,156.30842922363206,11.50931646330559,72.70443906516519,46.71720944663038,131.87881516437386,42.48076820655461,161.24842890163524,137.96754745663694,50.167433240442996,36.35285157396104,111.02531622832228,35.19774796694915,54.94452581099566,33.09147016953178,117.42606997122473,49.97762290086361,168.4978495156327,4.871436403571806,29.381991229211707,12.636083793532041,164.79907436096866,4.4101810898823235,27.752537689249067,15.112377819496693,1.8988330917713858,1.170738627107561,4.940314994844531,3.9512282628816413
G1A-RTK-R6-Roscoff-075,G1A,RTK,43.1,432,140.47132237252129,40.28782360105397,137.68392039047868,110.73091867133516,156.56297909971377,34.72675490193405,149.29754824858196,155.58048071110622,50.67653882346495,43.20833998574977,127.0249998815057,62.65115713283872,40.38864875807361,30.649192298723296,117.16583229842088,51.82098441108443,170.792755478199,5.2977058329369395,28.9295869292674,24.150820201521825,166.77318255148336,7.031147931576192,24.565021320181927,21.920015675387564,4.129623661188444,1.375097164231053,6.179399423518194,3.7431623620034453
G2A-CTK-S1-Brest-029,G2A,CTK,28.8,289,138.78093912304786,53.637968807553214,177.44134902316176,76.88098381642062,132.45876477655372,53.09639767719126,179.83855219981447,98.38198363466623,59.31458394614875,65.0636110162477,179.47452973664502,59.373485991229614,57.995900853087484,61.13325876969575,179.59880977669383,67.14075807455019,167.03200991994365,2.1725332093817524,12.295838399786902,10.52155161031129,174.6222798837362,1.363982959003321,15.585867801989423,9.015146820831827,0.798128122042673,0.5723431467546465,2.212949569083493,2.443947938432199
G2A-CTK-S1-Brest-034,G2A,CTK,30.3,304,129.22189570752008,50.73807176463622,179.69990143600577,109.78041425393103,119.48889405656361,50.936191536477985,176.5703096718113,108.79578083453356,93.21905175796938,64.93334228528326,179.6797558440958,87.40775304373776,86.56545709738441,60.62046027186755,178.07467367482576,81.17657740460722,166.45506643729772,2.202363733176237,11.552526527121955,8.928433933492586,174.02762870475303,1.3274726740486906,14.466212629457317,9.22596725497381,0.8645574723297886,0.5911161923780459,2.2599852884657095,2.9396381650707775
G2A-CTK-S1-Brest-090,G2A,CTK,29.2,293,126.14401899897751,53.032453131080885,179.67674671338446,107.80441333409732,123.28562940454216,49.79454131027326,174.5417950597082,88.73009897283298,81.6008555017154,63.29551020937266,178.42643839531218,64.82063860756897,77.59900756117081,61.30822788462196,179.00216243847828,62.876034673865576,166.69202566985956,1.9174946822943453,12.953706375179678,9.268613124826736,173.04140111359308,2.318691914636739,21.13371881825924,13.461416717414572,0.8738581176263706,0.6394902359678506,2.627626727629152,2.445819869551424
G2A-CTK-S1-Brest-093,G2A,CTK,33.7,338,121.21811143847346,55.666254375032075,179.2765714407432,81.28508366800901,113.6132447380375,53.47933015668751,178.52515074606143,89.12373818368737,81.23289456952237,62.44528912683195,179.80048744282155,62.708702177347284,77.6303364283315,56.83711565874751,179.39809339304537,67.74776396090394,166.67441123529417,2.2785688993110034,18.73608169920891,10.751697932289124,171.2706220850272,3.4259212514476,23.021092978983518,13.165398401877955,0.4922787340440703,0.35446766348804387,1.827757037426885,2.372984039949285
G2A-CTK-S1-Brest-096,G2A,CTK,30.3,304,110.74833978744546,52.230807434108875,178.99867902635356,114.47365355977313,108.9327929165753,52.09814885755333,180.0,109.07981077575427,84.80793227967123,54.58835188713678,179.45432145245354,89.46420347602027,87.36584396115789,54.0162509443143,178.1197160527902,71.96824849376456,166.5848689996804,1.432752764738813,11.54805216660813,8.35896046533646,170.8856596828646,1.9530225770491316,15.899489006829555,10.022036133841539,0.6718433191085297,0.4254753957068338,2.2599852884660323,2.0695645100452027
G2A-CTK-S1-Roscoff-009,G2A,CTK,36.0,361,123.11622742473754,66.90234495667872,179.60959780862768,39.69783427828886,119.8371459115857,63.6227012241122,172.64915236685576,44.749706733660716,30.07154492133409,38.777843530214504,146.99478277950982,21.077774681807078,30.20651652080568,31.106579392615846,93.46136347732738,14.931744312865014,156.03342193494,1.9720929599269132,16.88731925048134,6.847665471865495,167.75940944042406,1.486361425175937,17.625956738351675,5.182501910920399,1.162505844226031,0.7244432390215757,2.8554334288445933,1.6725111730979818
G2A-CTK-S1-Roscoff-012,G2A,CTK,35.7,358,104.43350940368754,52.932575487063446,178.1162637504808,61.38047609957365,109.19799707191657,57.09223673283219,178.53954648864843,156.79067106451743,60.45369375020029,48.24966880877591,178.75967354842587,41.181199704006495,48.39442918227177,37.81711340074394,161.30109810037976,33.62722756152746,154.74064466628298,3.4281447580124746,19.47254019004842,12.495277941414969,165.84667521763916,3.3942463412952857,22.476570747170427,11.40999302494784,0.68782526401486,0.4164661458190655,2.634406907781551,2.412785116686433
G2A-CTK-S1-Roscoff-013,G2A,CTK,36.4,365,100.06175155188375,56.699104381080474,177.89662837184906,95.37827794594436,102.62392759492873,55.94535516407466,178.75178316070264,153.22384395573545,19.533419515966074,12.139920619817287,38.1543441049482,10.483263844018435,22.46577370347746,13.600581403111942,41.90733300879461,13.171456765991856,154.5198089189815,2.1463812431936535,9.987389146243515,6.512609058574571,165.29618438577435,1.0514528338805236,6.5149168904701185,4.380985861852083,1.3567940886922374,0.4553710679979811,2.1245143874413506,1.9782213889357365
G2A-CTK-S1-Roscoff-043,G2A,CTK,38.1,382,120.02650350875302,54.95133129941092,178.69554000273175,56.273343381056364,116.80541737737673,51.211349037451754,174.96961698657412,117.7040413913407,71.54305487148575,57.614913524980096,172.30311018807194,35.32100819801995,62.36147487065468,47.57223965913237,173.13455946673935,56.493177944369876,155.79411453805238,2.252571250499044,17.699536820578288,6.105091118406902,167.44382970270834,1.474796263533996,17.135591170925636,5.340608861610013,0.8288881855653191,0.5552976028628641,2.437613493887265,1.7218561324890378
G2A-CTK-S1-Roscoff-051,G2A,CTK,34.9,350,102.87089979587026,56.33149692529971,179.3320746437507,77.13998510999583,102.29550460286619,53.45694156621057,176.04154951941265,116.74423653210181,67.35147125462646,48.561750323018316,177.9046249052267,40.77926463159717,58.639201646086704,40.60506624602552,162.3514201387398,51.763024792848746,155.22619263687295,1.149315478850902,7.9665062197544785,4.722297508120185,167.62183092085456,1.1014095644517428,6.735382757651848,5.488964082807896,0.7624211305202435,0.4715409750887887,2.197702864811693,2.3747604208039665
G2A-CTK-S1-Roscoff-059,G2A,CTK,36.7,368,111.9010918066791,54.52480911808178,177.58012622962272,70.26313582559598,122.87561859028378,54.433029822272374,178.25950818287635,124.88792416296351,67.196344396496,50.66911807804555,175.35016859468678,53.26519655215216,60.30282532192096,41.10574668418644,162.00104233953746,57.15565084640407,154.24669962465393,1.5050022822491422,13.809943082868074,6.883757656832826,166.64046094300073,1.2722641087223876,20.346877460290955,5.664333230690296,0.9993146576863214,0.5686755569923083,2.4781901492952083,2.326811310343756
G2A-CTK-S2-Roscoff-003,G2A,CTK,43.8,439,52.615875856707014,51.70381013559481,166.84748638112276,50.44878183310304,69.12321692530986,58.329575470015214,175.23218224832172,67.84375489936313,31.459855701631547,25.50835757180611,75.15673939774342,18.795998011867606,35.948644789734814,28.434373089811448,85.85502776939838,17.92391937235924,178.0550740309915,1.6585308147913502,14.53590739393482,5.920538181937573,175.98097733657755,1.510253185126628,7.763203819135697,6.115711011939332,0.6673187131632204,0.4333084222355182,2.2965947694208744,1.9057368732547086
G2A-CTK-S2-Roscoff-018,G2A,CTK,38.3,384,68.52299501465038,53.41362736085095,165.44226017177868,54.51597633459849,69.96672983909508,61.813553525074234,179.7238377672807,81.41850213668015,38.84923543948577,34.60580695647442,96.79564157001832,26.40570631682122,34.1830438509925,31.84369154014231,93.49235619831948,19.58627168061739,172.7815003736902,1.2896122280000026,6.996559844256296,5.849365373228201,176.94767062827734,1.8691770527274252,7.535012621813763,5.53653219773881,0.7852887024844613,0.519854802371506,2.631496839492731,2.124154252916442
G2A-CTK-S2-Roscoff-021,G2A,CTK,37.1,372,69.00920281113306,56.27522602508369,161.75864690237307,43.064326402834354,70.07775346165525,62.04366046098449,172.08056514892726,69.03035836979208,34.55598812814091,33.56082932850749,102.73186778361529,22.1177171225087,31.77089673867185,29.67394548530902,90.04350591269687,19.75637256293476,178.48645412458598,2.110917027992497,15.11046367825844,9.484032820026592,178.66807429746933,2.1831261585842983,17.7481664317541,9.82273587488323,1.0071464529024197,0.6134379892793641,3.088624518383114,2.432189610877188
G2A-CTK-S2-Roscoff-025,G2A,CTK,40.4,405,84.2944159412185,56.998266998816646,175.66204433018896,64.9987605358144,84.01909892985658,59.22663160327018,177.60714155751455,139.6577061242973,14.271356463248392,8.560221506064634,28.67840603108001,8.644960427298013,10.221033975062971,6.638250719041165,22.89102821292153,8.189728082480526,172.8014852280192,1.1729913582097746,5.786795475703201,6.2184046201233905,175.44304846682587,1.5235863652690984,5.7675703154123426,4.520096485888374,1.0852588605828721,0.5588686508234079,2.3823516383291774,1.879797008892261
G2A-CTK-S3-Roscoff-077,G2A,CTK,38.4,385,68.26317698488958,47.36872912581752,169.98692858365646,47.48730708148122,101.72328424550649,61.28254707524929,179.6549330178272,124.05751616234474,37.12604804115297,27.56760493105012,80.89390523202736,18.62571972468382,34.322409157594684,23.197918734198947,71.2680003775063,17.453138127651798,171.15605461480058,2.864076214789388,26.03732354274851,10.260356986981552,156.0620945003294,2.0904999769410275,17.365401067797222,9.744270809035912,0.7915009180638627,0.40779437826207404,2.1604892664440936,2.0452977860758623
G2A-CTK-S3-Roscoff-091,G2A,CTK,36.1,362,87.08966679971523,61.76683130526888,168.30617933404062,32.8257394474809,107.28881146066512,58.79629701006186,172.5817688652308,83.6658017638274,19.864224414960635,9.33416160440356,35.83290590941451,6.817177044156355,17.884321134383107,8.26213609509667,30.757157038716915,8.826056684879429,170.50708081855683,3.5549331826424426,16.379569343616623,7.126276311835444,156.24781700130632,2.044599846689819,10.032084607262334,6.93804370468686,0.5891304498723947,0.43628480165449474,2.197702864811693,1.8877554465041606
G2A-CTK-S4-Roscoff-001,G2A,CTK,35.8,359,95.62755494834065,47.01033451039461,178.5595647067621,114.63525181095768,96.8489141044264,46.62378583091821,172.94134353065434,112.65549558361087,71.65185489918846,51.226448486705365,179.166533854999,101.47472685067514,61.03559107605265,44.21349126848769,179.8392871790209,72.86914489629144,170.86806451844174,2.0927342138775913,11.2714046806164,8.935624490787275,168.9837368028244,2.4011530534928576,15.235923121154741,9.762139229091256,2.881243225641512,0.6553273413113948,4.417282731634834,3.7103373277469887
G2A-CTK-S4-Roscoff-015,G2A,CTK,43.7,438,93.1210372735263,52.63632625374098,174.30457383886366,77.26227916822549,92.92620757290636,50.835221197571435,169.52443953497036,93.4193327563923,66.7256992434174,51.386973482842784,178.3998236633253,66.09532028097489,56.70505410528626,42.41362283340988,172.30451698676643,67.24160387860465,174.64506119051438,2.2933461957398653,18.800796617322362,9.025898866358109,170.58478493259446,3.2676882594043826,16.740480693536426,9.76734533826369,2.5829358866305445,0.5649531297680336,3.5943357019997837,2.7412608489844215
G2A-CTK-S4-Roscoff-026,G2A,CTK,38.9,390,91.05223506514845,51.786536926769,172.31732784795418,69.98650804279882,86.70597858304882,51.74746342696255,166.17125133714828,85.21467066149177,73.98463993424656,54.908685249416344,175.36270739305897,58.494995213791185,60.59477005173508,48.25427336010681,175.25811004245128,58.12396865071232,174.2309852284172,1.8378013987488226,14.5910454724214,8.57882904796841,170.00308933320724,2.9247431378124342,14.266219708934244,9.896495898999566,2.5205372130562083,0.69005132804452,3.699165010118609,3.4139235975659226
G2A-CTK-S4-Roscoff-046,G2A,CTK,42.5,426,109.94127861090674,46.41239321354436,179.60247943970077,82.65873313023177,123.00407196245406,47.87755369564613,180.0,115.1063734871494,75.06680765853228,54.03448684716035,174.83039015605496,75.49344540216956,73.60125665718637,54.269329038644315,179.0151155442563,74.86577751457898,175.07425862218363,2.2902161037105717,14.05505889026071,8.863156124510223,170.66139865280834,3.2104280757028625,15.930429729085745,11.726641564650425,2.2986334778115864,0.7390958878755112,3.937992949521821,2.95783185409729
G2A-CTK-S4-Roscoff-068,G2A,CTK,36.3,364,112.99645211268772,50.428731140955364,170.84163037518465,55.38809649022279,113.3144971865702,53.38093384146949,179.2708564508972,91.15560327750893,57.07788471261117,54.05637643206437,175.46452193162787,42.75091596429378,44.85105527311693,40.2117172156869,170.69703797424484,57.2607150986242,175.48175138516658,3.051076373723897,22.765190186487473,12.750629330399434,168.48473107895495,2.481392540845074,15.50320634105006,13.269044142851957,1.9884109239410312,0.6089537258732287,3.4659515948086033,3.1494026206659957
G2A-CTK-S4-Roscoff-074,G2A,CTK,40.0,401,92.28610355669059,53.0768076165261,178.93224803952882,65.42866443633228,92.144130910592,53.53420737277417,176.6632243484084,104.01475157749907,67.1701004633923,54.133887116636394,179.86132890569405,54.56133490325564,53.61025442613588,43.08052048591897,177.39914878324095,70.07505719259696,174.8651865750322,1.7289524400187433,18.018843865608773,9.574611162998071,169.629991138131,1.5683239260122013,12.041045142737318,11.114341910148935,2.3096912850011715,0.8053129004407681,4.080564910348828,3.7129318269919906
G2A-CTK-S4-Roscoff-088,G2A,CTK,35.3,354,124.71267788214001,45.33794089300907,176.15656565620984,85.32164309413291,120.88555935310183,48.22093773986323,179.53811618772224,100.20714317628689,61.642494377976966,56.90457000473921,179.95366807010228,59.98070624372056,46.36150802203748,41.615851720042215,164.42193805871133,49.979483939382604,176.43950391211834,2.635966342863801,15.009416057209819,12.226928377727631,172.13169288930894,2.8044319214936233,13.471175574720633,14.231221720380455,2.3400339499940292,0.8286843806110149,4.80936856011843,3.4007245279873954
G2A-ELK-S1-Roscoff-005,G2A,ELK,45.7,458,178.89705354788134,1.070523994072365,6.55557911314466,6.49933142658044,172.28735502136297,1.2020599699922934,5.802159262970463,4.54523081200675,9.579620356967581,0.685862945037097,2.6888284345024207,2.370396888231436,12.417742397433306,0.5819457089398495,3.5703955624344896,3.243247854157943,157.70124260238188,0.7296801366622907,4.502424946177399,4.360299807233165,166.82468798930157,0.8209139483410256,5.050772252180565,4.920562466753443,0.5837507187693988,0.26802128738979086,1.4286037694664508,1.368226916683655
G2A-ELK-S1-Roscoff-060,G2A,ELK,45.4,455,170.11450239506078,10.340330521310035,83.23040638543998,35.090539650142844,168.50890287272716,10.432588292452122,62.58560613281058,28.67916663657891,47.06706394132327,63.500408707309084,167.60739969407652,83.59247585487302,41.5632011970915,57.632201810569825,169.11637095819066,57.43794770693889,155.26683552951476,1.9120461227166843,10.48951485522224,5.91269855109264,165.2154506423384,1.6771731982328013,7.629452898162157,5.812369086212192,3.3147521575269523,3.426483377806451,9.715739765252886,3.028911721422202
G2A-ELK-S1-Roscoff-071,G2A,ELK,45.6,457,170.25935784379857,15.583539659122257,174.36567249166242,35.250495847884366,166.25058915291262,10.341798285675587,52.9998064155093,34.2795689834138,31.19384375304956,52.792553604303976,177.12868401497371,51.05300751888754,45.170278285341325,59.17151790572318,172.38634734553992,43.70605592140254,156.2855027373562,2.342205794205851,11.92296571083159,6.626995028097795,165.3346922706233,1.7862703551014953,8.16031633696062,6.125498917382477,3.019357611968482,3.2148316775958468,9.715739765252886,2.5345480795771986
G2A-ELK-S1-Roscoff-072,G2A,ELK,45.8,459,168.21623086686247,13.141217785502985,151.3340392952651,39.20137736220734,168.38295113649704,10.192689599656372,80.13419305691563,33.36529844514559,48.16897785088952,64.88342041879861,175.13421571652924,50.45249470590032,40.58711283702993,57.80726898120115,168.52399734839662,38.79385566365194,153.41220684011157,2.048135361121,10.327101276739825,7.253747174829544,165.8429767326364,1.400475432949152,8.041108160062663,5.431603163467743,4.123256585301467,4.090494124010721,11.470849666001994,2.7907327680609844
G2A-ELK-S1-Roscoff-077,G2A,ELK,45.5,456,168.66309151677888,12.06891217726689,175.47163688134862,32.435373697508226,167.0843089762429,9.523598304708631,51.375932093193455,21.773479719248545,32.541604384525705,52.66969162750432,170.0939327627933,30.434648796443255,32.15347754272414,50.31794695565106,171.42517854438654,18.84075084284345,156.25424223286393,2.18556510683225,10.287879454455577,6.7511628956863845,165.45180790651247,1.6584260126612784,6.460252404756432,6.029429173302177,3.4732785196363714,3.6432894202845247,10.068347083083385,3.082344305438461
G2A-ELK-S3-Roscoff-007,G2A,ELK,56.0,561,168.45077169810685,21.937636391735214,81.10061571535692,13.237904935638781,165.1516256234715,14.623511176956535,54.50560499991178,36.98305113659306,44.528729647798535,62.51010688231489,170.41626212017923,8.665109942872302,72.8865502091645,73.02732403216878,176.1204777976545,23.83476088680872,170.93948028640682,2.632028364312397,17.380602815044966,8.096320698238975,157.7615607693673,4.037617419962341,17.16368269258473,7.437070565605202,5.888819991347466,5.288834704400217,15.648542158596191,3.111173772349796
G2A-ELK-S3-Roscoff-021,G2A,ELK,52.0,521,169.45894467117242,19.374022094727373,86.32091353414918,16.768103571951364,157.84832647604054,15.168986588280006,60.15169095062906,47.98621871151748,51.88800946375476,65.72404722679977,179.83869444693718,20.794964287861642,73.12842258173478,73.97488969245654,173.3183849314211,14.00691619757109,172.05997184571774,2.7155372888729015,15.502495418807825,8.565456368523316,155.2082421181084,3.724127481213242,14.84365534355507,8.206411436113466,6.188063632852401,4.946817348115783,14.17495150758041,3.2997596712693
G2A-ELK-S3-Roscoff-085,G2A,ELK,87.1,872,159.0260067908791,32.128645269046565,105.4335061340496,27.058496614518116,167.17876867147234,12.411837674517084,76.3608000079873,31.878080666055357,61.94744074192762,71.92869178849332,179.86367361753486,51.851011226463285,50.94294872891816,65.03147590220631,174.3677106840455,11.4618764985779,172.61837951876697,2.391931430262387,15.17547124317727,7.346890489244848,157.2354350821499,4.390731063915418,17.146302489653806,6.905317654701637,5.090398435733066,5.091452988118894,15.20555757187077,3.0267704808400127
G2A-RTK-S1-Roscoff-005,G2A,RTK,39.5,396,163.51551536114061,13.016705585536375,95.13452622761613,35.78578855744206,156.1616960569111,13.515011925380765,72.88816010674554,39.68248756808267,50.836855180303246,37.22071368455165,141.29060550218958,24.478619453049816,46.04779024960127,30.85326866743275,121.58406007950734,21.56042540913046,159.74179460549365,4.214926534247731,18.076831272353814,6.5512221695053565,162.0917250608312,2.1684340109276876,15.52190842993491,6.558358019743663,1.4894436266741478,1.1649061052069634,5.047588206719101,2.6386344474418966
G2A-RTK-S1-Roscoff-010,G2A,RTK,42.2,423,161.7518436966453,11.75260994187026,89.40505694844626,42.693922555325656,154.82288219429384,12.00887593304239,68.22310731981688,47.02004388647093,57.12756578197373,33.93505442141706,131.5423640217062,22.80022211438993,63.04619887241073,35.56709875361302,133.167912353566,27.815175665451935,158.55758422718642,5.1007309511230225,23.856466142716073,12.282687430111316,163.64433128457406,3.8178906287007197,18.7244291003729,8.659331482009653,1.871893872703554,1.535115628926301,5.902523009684278,2.6755046250132137
G2A-RTK-S1-Roscoff-025,G2A,RTK,40.2,403,165.050435890415,10.252996585695913,80.568578575111,44.578173880922314,155.05346373842332,13.110166318307192,73.41022603967872,52.36169569624083,57.516931080593686,38.79705226745135,141.8711432278375,24.342475000637158,51.41319388345425,35.78643931150304,136.98296562319987,28.61811419479075,163.04923673093822,7.064776676548048,24.35187466301548,6.037450175740435,160.425616139215,4.33225381296264,16.19071739511557,5.0270293175619685,1.6504492815821064,1.4533134939296852,5.807977129835884,2.5689388238835136
G2A-RTK-S1-Roscoff-049,G2A,RTK,39.3,394,162.4902344568779,16.10594857987502,142.00754558174856,54.440743074390106,153.69432950104638,22.17521247113543,142.81727728962164,38.6638819148495,54.97375977965447,39.71704701037596,154.04199957327708,35.79226312774334,43.61416685912797,32.74304350001267,127.96498066795922,26.40952976159256,158.61574147497805,5.502482372760147,18.868102022298103,6.5238543955747215,163.68418315328918,3.489926572917165,13.500632107936156,6.14905149560161,1.593747046993554,1.6047300477985034,5.382179209342579,2.520942884251487
G2A-RTK-S1-Roscoff-050,G2A,RTK,32.7,328,168.17381240115805,8.375463911880331,53.13233964464651,34.25136802167443,162.61907974783114,11.610496443843427,63.283024838829505,42.93339972026225,49.852555881200935,39.925937028618385,138.83294742953956,23.41042432496579,51.04007216672613,35.58724684981946,131.31333171268733,23.051172352354325,158.01126105295765,4.557105055887687,17.175394758812075,7.444949621730794,158.63718877059804,4.761482717192485,16.466157535447678,6.903365629324906,1.8899818989922834,1.609034588926741,5.298565069899948,2.98605829341763
G2A-RTK-S1-Roscoff-052,G2A,RTK,42.9,430,162.6493962246354,14.531525659367471,138.19656443188077,50.25387557142567,159.99703240705475,10.28279527056547,70.40735085989556,33.71099206572394,52.85693460747015,43.94133986661572,146.93693011720893,32.83628420551353,44.447990003169586,31.915210011176963,128.26610920475278,24.629475033859553,160.43602063414747,4.8793919690325716,16.573736673437708,4.823503014306708,160.69977528494655,3.9956084089838964,16.621809063334013,5.268749281606617,1.4131533997950974,1.316041605569435,5.170040807825848,2.6524774856791034
G2A-RTK-S1-Roscoff-072,G2A,RTK,43.8,439,166.24627679623876,10.643654772000577,67.08571114177235,38.401300827775394,160.89938137628215,10.196716779563317,58.24516064181668,34.329055647103544,48.82973302496849,36.988810277593416,149.84748020859118,21.162190384074417,47.2666065456824,32.943383060083,138.94762994062864,21.33912707170736,159.14646854387425,4.940128307641446,18.83345301043113,5.678745252477446,161.28816868869012,3.2496554676146863,12.832416954249538,5.0076830698879515,1.400644075474941,1.4423568960467996,5.170040807825848,2.5904846955534717
G2A-RTK-S2-Roscoff-021,G2A,RTK,43.2,433,157.1816783022818,13.828071215504169,152.71644455528659,54.993309764417226,160.87507394425552,18.150015660853978,136.60058838532441,59.616976718617806,58.75608998535024,35.494589705910315,142.667910362837,30.59704756565886,57.40206933039108,29.43623629531795,121.46669693909212,20.528970139748097,175.74653039982817,2.474908102481396,10.849939561972235,5.564574185138814,169.83777467380935,3.1017516581327627,13.487059437585657,6.347971939906611,1.4784521253841296,1.1335696668278707,5.2483856972200025,2.5228094989539867
G2A-RTK-S2-Roscoff-063,G2A,RTK,42.5,426,158.58993320273754,14.658052600428649,107.06369123137573,55.257648386298975,160.4049453676243,15.625784599048373,83.44710311189326,42.050758911140626,55.02690243671971,37.213865190020485,167.9465428697342,37.941481491191375,44.949751729293155,30.59973285305029,107.38191883045815,18.994547487635273,174.58016385150532,4.32716012325634,19.947391731146695,8.237590794115384,164.41651056213263,15.17814674857059,45.53805488480512,9.528363681665654,1.2997525998379797,0.9898039119039697,4.167700687835977,2.102148917437968
G2A-RTK-S3-Roscoff-030,G2A,RTK,39.4,395,169.16700456049483,18.025892540363113,137.38961000623846,30.61479157408321,167.94065294973174,13.75933462548155,130.9178466997724,40.673431694963604,48.334608495610816,40.301110968565176,140.4465183566011,25.84766022227434,44.463852350388436,37.258013596469475,129.25877337514453,23.012791646827377,169.44643342997654,8.559945896588584,28.7313559305247,8.948044776694395,162.6609352813463,8.201945849850576,31.92057110265972,7.26764581457032,1.7809563947946265,1.2967706526214895,5.480180282122034,2.4345683634334794
G2A-RTK-S3-Roscoff-084,G2A,RTK,40.5,406,172.70791376065316,9.26028728236362,98.42378575079063,33.116149457129445,171.3882960918696,6.4051690286229785,46.73691993576401,37.668719949028514,62.21513725072856,42.62622425179894,153.0891004790129,29.424096346951238,47.27991779206244,35.978416046727084,121.14486699528928,22.441406244210057,156.645920037519,12.694306625714322,46.126905031159396,11.875149576143082,155.04837761265102,15.470192544043657,55.4125061379323,11.703212304136311,2.133553613617565,1.4466799619005948,6.4032571329648516,3.145055383150466
G2A-RTK-S3-Roscoff-095,G2A,RTK,39.1,392,144.2342647088674,36.89686824157508,126.79204043172712,20.35352649569665,154.1245113970672,33.89151967116029,116.49022248779326,26.199135270522525,17.93058215974918,8.711692946800433,42.57521125717795,8.193500646700866,15.230735126763781,12.56881777753911,69.24258968373216,10.244998491455187,168.88608751841537,5.855827252065672,30.154532484676167,11.24459869845538,156.73894315730644,4.0750104695197535,20.46652412500697,9.43174753957969,1.9360427050213365,1.5913763713333453,7.369057473968242,2.8989535319843074
G2A-RTK-S5-Brest-026,G2A,RTK,29.7,298,154.03794928630475,39.36068029479332,172.68526236649927,73.66486909171617,151.62746104527236,41.26191384258507,178.35326633073942,67.90725216570164,37.174390140786215,30.964110047652948,90.06798968734353,50.105978143487306,41.44771576176233,33.222943177818394,95.44180492783512,27.09763579709445,176.64370025142347,1.900475978818834,8.440365275506537,8.14688202764398,176.76753931505428,1.8781206079577488,8.741154586083582,12.122905924304398,1.5217360115288574,1.066660862278742,4.988506232888547,2.8686440163081843
G2A-RTK-S5-Brest-043,G2A,RTK,31.0,311,160.7632452896694,23.75429225222659,171.88337381926343,48.66604740885363,156.94228575012386,23.10452462093385,132.4027197711239,50.76552207147731,30.778109028670332,24.987486563197873,95.46335647542718,32.08715502337104,34.998454328477834,24.300514713541123,76.66363756633963,24.05245701235867,175.46030772126906,1.7080327369281638,7.45929365010943,7.255677582175592,173.04108940460105,2.113788176527485,10.555248312267395,5.015227908067031,1.3678658483939072,0.9865385894341746,4.003825914395725,2.9405713692017748
G2A-RTK-S5-Brest-074,G2A,RTK,31.2,313,152.69364318524052,40.003311291814384,153.79890610910851,50.52947671144105,163.02285025037057,23.7441821483043,157.52225646448974,64.54140776539003,29.079782598290805,25.054070814418505,78.6478004965846,30.26580567828254,32.660094637484235,26.441738004526737,83.9705707760184,29.614225671402007,175.80527484867548,2.1092851762727713,8.82076158845598,7.821339582998351,171.461119154929,2.1856582598341,10.875841994967772,6.393358215672208,1.3547975615359213,0.6880868359677819,3.4310260426604544,2.9125085496361516
G2A-RTK-S6-Roscoff-042,G2A,RTK,41.6,417,129.44680206969764,47.901941612714765,179.62183764890293,54.472433616959094,135.69019600561356,51.65133181641481,175.69466304008037,62.139476939342295,35.70074969231566,35.25320704788257,167.13585159482164,31.96497988732927,28.50505293521491,30.362483948316118,177.73792353716442,41.91140705575612,158.54187485569602,7.522045272932169,36.4347303321197,9.221475964533752,147.9873102214155,8.406787114572282,60.95434416617826,17.35435763511759,1.0366477015661908,0.8484824968721778,3.8857711845659835,2.794710086520546
G2A-RTK-S6-Roscoff-062,G2A,RTK,42.3,424,162.6983894500473,21.53883231963624,176.4169687407339,49.75673356291309,160.4578410272162,21.95037348307357,134.7075581102272,54.06545382686163,31.5351159399034,16.473334870926593,71.6201124820109,28.242818297771933,36.195085892376284,24.08101029990928,114.19320898728857,21.873456284738957,160.38406327732147,8.933681421023973,34.728323040794606,8.975732950415555,155.31996995408815,8.006065080173355,31.13412112538299,15.39609992541367,0.9104326532478237,0.6467943516656679,4.329472748054446,2.534852288624922
G2A-RTK-S6-Roscoff-071,G2A,RTK,40.8,409,164.88491807602477,16.99592062283922,141.41824796499986,37.76762060924993,171.09943483136797,7.871637722435092,59.39372805989581,14.42622795425825,35.02694294185137,27.68510916219716,156.14396038725698,34.58539241991779,19.530639074730207,8.361334597272483,34.44517890126384,7.155511021773641,161.72462040028537,5.091815034902658,25.48378631244762,10.42940456028872,154.69457315762884,6.068517025848754,35.3797566667065,21.180191689041543,0.804257234742801,0.588676170274559,2.6922980255736606,2.6101996037686366
G2A-RTK-S6-Roscoff-077,G2A,RTK,35.1,352,164.05755755824626,19.920933270850366,134.73923408702183,43.068649089185655,165.95518993790122,16.86065279190009,100.16635727733689,37.82111804625601,31.632507564258823,16.662533855293916,85.69293844108118,27.16983379303018,43.89347471525992,25.034257308327923,94.50861952464366,20.122707131243356,168.34557824390149,7.356496174499299,23.99985131680006,8.021795031519623,160.92017523672797,5.28281249034502,21.08485379813925,8.765410119172133,0.9429269704887111,0.750628976401402,3.156313377417552,2.4125910206867673
